<?xml version='1.0' encoding='UTF-8'?>
<GateDocument version="3">
<!-- The document's features-->

<GateDocumentFeatures>
<Feature>
  <Name className="java.lang.String">gate.SourceURL</Name>
  <Value className="java.lang.String">file:/D:/CODE/TempCourt/TempCourt_annotatedcorpus/ECHR/BaydinRussia.xml</Value>
</Feature>
<Feature>
  <Name className="java.lang.String">MimeType</Name>
  <Value className="java.lang.String">text/xml</Value>
</Feature>
</GateDocumentFeatures>
<!-- The document content area with serialized nodes -->

<TextWithNodes><Node id="0"/>

THIRD SECTION
DECISION
Application no. 33027/05
Andrey Aleksandrovich BAYDIN
against Russia
The European Court of Human Rights (Third Section), sitting on <Node id="157"/>4 <Node id="159"/>July 2017<Node id="168"/> as a Committee composed of:
	Luis Lopez Guerra, President,
	Dmitry Dedov,
	Jolien Schukking, judges, 
and Fatos Arac, Deputy Section Registrar,
Having regard to the above application lodged on <Node id="362"/>22 <Node id="365"/>August 2005<Node id="376"/>, the observations submitted by the respondent Government and the observations in reply submitted by the applicant,
Having deliberated, decides as follows:
THE <Node id="536"/>FACTS<Node id="541"/>
<Node id="542"/>1<Node id="543"/>.  The applicant, Mr Andrey Aleksandrovich Baydin, is a Russian national who was born in <Node id="632"/>1978<Node id="636"/> and lived until his arrest in Perm. He is <Node id="679"/>now<Node id="682"/> serving his sentence in the correctional colony in the village of Kharp, the Yamalo-Nenetskiy Region. He was represented before the Court by Mr T. Misakyan, a lawyer practising in Moscow.
2.  The Russian Government ("the Government") were represented initially by Mr G. Matyushkin, the Representative of the Russian Federation to the European Court of Human Rights, and then by his successor in that office, Mr M. Galperin.
A.  The circumstances of the case
3.  The facts of the case, as submitted by the parties, <Node id="1197"/>may<Node id="1200"/> be summarised as follows.
4.  On <Node id="1234"/>24 <Node id="1237"/>November 2004<Node id="1250"/> the Perm Regional Court found the applicant guilty of participation in a criminal enterprise, several counts of aggravated murder and robbery, unlawful possession of weapons, theft and sentenced him to life imprisonment.
5.  The applicant appealed, arguing, inter alia, that he did not receive an effective legal assistance as his lawyer had chosen an incorrect legal tactic.
6.  A prosecutor and victims lodged voluminous written submissions in response to the applicants statement of appeal. According to the applicant, he was not provided with an opportunity to study those submissions.
7.  On <Node id="1848"/>24 <Node id="1851"/>June 2005<Node id="1860"/> the Supreme Court in substance upheld the judgment of the Regional Court. The applicant was not provided with legal assistance during the appeal proceedings.
8.  On <Node id="2026"/>17 <Node id="2029"/>November 2010<Node id="2042"/> the Presidium of the Supreme Court, by way of a supervisory review, quashed the judgment of <Node id="2135"/>24 <Node id="2138"/>June 2005<Node id="2147"/> and remitted the case for a fresh examination citing procedural violations. In particular it indicated that the courts had failed to provide the applicant with requisite legal assistance for the appeal proceedings.
9.  On <Node id="2370"/>13 <Node id="2373"/>October 2011<Node id="2385"/> the Supreme Court conducted a new appeal hearing with both the applicant and his lawyer <Node id="2474"/>present<Node id="2481"/> and upheld the applicants conviction.
B.  Relevant domestic law
10.  The relevant domestic law provisions were summarised by the Court in the case of Shekhov v. Russia (no. <Node id="2655"/>12<Node id="2657"/>440/04,  <Node id="2666"/>23<Node id="2668"/>-29, <Node id="2673"/>19 <Node id="2676"/>June 2014<Node id="2685"/>).
COMPLAINTS
11.  The applicant complained under Article 6  3 (b) and (c) of the Convention that he had not been granted legal assistance on appeal and had not been given an opportunity to study the prosecutors written submissions.
12.  The applicant also complained under Article 6  3 (b), (c) and (d) of the Convention about various procedural violations. In particular, he argued that he had not received effective legal services at the trial due to the counsels failure to choose the correct legal tactic, that victims and witnesses statements had not been recorded properly by the trial court and that his numerous motions had not been duly considered.
THE LAW
A.  Alleged violation of Article 6  1 and 3 (b) and (c) of the Convention on account of a violation of the defence rights in the appeal proceedings
13.  The applicant complained that he had not been represented and that he had not been afforded an opportunity to study the prosecutors submissions in the appeal proceedings. The relevant parts of Article 6 of the Convention provide as follows:
1.  In the determination of ... any criminal charge against him, everyone is entitled to a fair ... hearing ... by [a] ... tribunal ...
3.  Everyone charged with a criminal offence has the following minimum rights:
...
(b)  to have adequate time and facilities for the preparation of his defence;
(c)  to defend himself in person or through legal assistance of his own choosing or, if he has not sufficient means to pay for legal assistance, to be given it free when the interests of justice so require ...
14.  The Government stated that remittance of a case for a fresh examination would deprive the applicant of his victim status.
<Node id="4380"/>15<Node id="4382"/>.  The applicant maintained his complaints.
<Node id="4426"/>16<Node id="4428"/>.  The Court reiterates that in situations where an alleged violation has already occurred, subsequent events can give rise to a loss of the status of victim, provided that national authorities have acknowledged, either expressly or in substance, and then afforded redress for, the breach of the Convention (see, among other authorities, Amuur v. France, <Node id="4783"/>25 <Node id="4786"/>June 1996<Node id="4795"/>,  <Node id="4798"/>36<Node id="4800"/>, Reports of Judgments and Decisions 1996III).
17.  The Court further reiterates that the reopening of proceedings by itself may not automatically be regarded as sufficient redress capable of depriving the applicant of his victim status. To ascertain whether or not the applicant retained his victim status the Court will consider the proceedings as a whole, including the proceedings which followed the reopening (see Sakhnovskiy v. Russia [GC], no. <Node id="5251"/>21<Node id="5253"/>272/03,  <Node id="5262"/>83<Node id="5264"/>, <Node id="5266"/>2 <Node id="5268"/>November 2010<Node id="5281"/>, and Timoshin v. Russia (<Node id="5307"/>dec<Node id="5310"/>.<Node id="5311"/>)<Node id="5312"/>, no. <Node id="5318"/>17279/05, <Node id="5328"/>17 <Node id="5331"/>May 2011<Node id="5339"/>).
<Node id="5342"/>18<Node id="5344"/>.  In the <Node id="5354"/>present<Node id="5361"/> cases the Supreme Court, acting as a supervisoryreview instance, explicitly acknowledged the infringement of the applicants defence rights (see paragraph 8 above) in the appeal proceedings, quashed the appeal judgment on that ground and remitted the case for a fresh examination.
19.  The applicant and his lawyer were <Node id="5681"/>present<Node id="5688"/> at the new appeal proceedings. They effectively argued the applicants case and commented on the opposing parties submissions to the appeal court. There is no indication that these proceedings had any defects from the perspective of Article 6 of the Convention, and the applicant did not argue otherwise Therefore, the measures taken by the authorities provided adequate redress to the applicant in respect of the violation of his right to a fair trial.
20.  In these circumstances the Court concludes that the defects in the original appeal proceedings were remedied by the quashing of the initial appeal judgment and the subsequent procedure before the appeal court where the court considered the applicants appeal anew.
21.  It follows that the applicant can no longer claim to be victim of the alleged violations of Article 6 of the Convention, within the meaning of Article <Node id="6567"/>34<Node id="6569"/> of the Convention, insofar as these complaints concerned procedural defects of the initial appeal proceedings, and that this part of the application is incompatible ratione personae with the provisions of the Convention and must be rejected pursuant to Articles 34 and <Node id="6839"/>35<Node id="6841"/>  4 of the Convention.
B.  Remaining complaints
22.  The applicant also raised a number of other complaints under various sub-paragraphs of Article <Node id="6989"/>6  3<Node id="6993"/> of the Convention.
23.  The Court has examined these complaints and considers that, in the light of all the material in its possession and in so far as the matter complained of is within its competence, they either do not meet the admissibility criteria set out in Articles 34 and 35 of the Convention or do not disclose any appearance of a violation of the rights and freedoms enshrined in the Convention or the Protocols thereto.
24.  It follows that this part of the application must be rejected in accordance with Article 35  4 of the Convention.

For these reasons, the Court, unanimously,
Declares the application inadmissible.

Done in English and notified in writing on <Node id="7672"/>27 <Node id="7675"/>July 2017<Node id="7684"/>.
	Fatos Arac	Luis Lopez Guerra
	Deputy Registrar	President


<Node id="7746"/></TextWithNodes>
<!-- The default annotation set -->

<AnnotationSet>
</AnnotationSet>

<!-- Named annotation set -->

<AnnotationSet Name="TIPSEM">
<Annotation Id="128" Type="TIMEX3" StartNode="632" EndNode="636">
<Feature>
  <Name className="java.lang.String">type</Name>
  <Value className="java.lang.String">DATE</Value>
</Feature>
<Feature>
  <Name className="java.lang.String">value</Name>
  <Value className="java.lang.String">1978</Value>
</Feature>
<Feature>
  <Name className="java.lang.String">tid</Name>
  <Value className="java.lang.String">t5</Value>
</Feature>
</Annotation>
<Annotation Id="129" Type="TIMEX3" StartNode="679" EndNode="682">
<Feature>
  <Name className="java.lang.String">type</Name>
  <Value className="java.lang.String">DATE</Value>
</Feature>
<Feature>
  <Name className="java.lang.String">value</Name>
  <Value className="java.lang.String">PRESENT_REF</Value>
</Feature>
<Feature>
  <Name className="java.lang.String">tid</Name>
  <Value className="java.lang.String">t6</Value>
</Feature>
</Annotation>
<Annotation Id="130" Type="TIMEX3" StartNode="1234" EndNode="1250">
<Feature>
  <Name className="java.lang.String">type</Name>
  <Value className="java.lang.String">DATE</Value>
</Feature>
<Feature>
  <Name className="java.lang.String">value</Name>
  <Value className="java.lang.String">2004-11-24</Value>
</Feature>
<Feature>
  <Name className="java.lang.String">tid</Name>
  <Value className="java.lang.String">t7</Value>
</Feature>
</Annotation>
<Annotation Id="131" Type="TIMEX3" StartNode="1848" EndNode="1860">
<Feature>
  <Name className="java.lang.String">type</Name>
  <Value className="java.lang.String">DATE</Value>
</Feature>
<Feature>
  <Name className="java.lang.String">value</Name>
  <Value className="java.lang.String">2005-06-24</Value>
</Feature>
<Feature>
  <Name className="java.lang.String">tid</Name>
  <Value className="java.lang.String">t8</Value>
</Feature>
</Annotation>
<Annotation Id="132" Type="TIMEX3" StartNode="2026" EndNode="2042">
<Feature>
  <Name className="java.lang.String">type</Name>
  <Value className="java.lang.String">DATE</Value>
</Feature>
<Feature>
  <Name className="java.lang.String">value</Name>
  <Value className="java.lang.String">2010-11-17</Value>
</Feature>
<Feature>
  <Name className="java.lang.String">tid</Name>
  <Value className="java.lang.String">t9</Value>
</Feature>
</Annotation>
<Annotation Id="133" Type="TIMEX3" StartNode="2135" EndNode="2147">
<Feature>
  <Name className="java.lang.String">type</Name>
  <Value className="java.lang.String">DATE</Value>
</Feature>
<Feature>
  <Name className="java.lang.String">value</Name>
  <Value className="java.lang.String">2005-06-24</Value>
</Feature>
<Feature>
  <Name className="java.lang.String">tid</Name>
  <Value className="java.lang.String">t10</Value>
</Feature>
</Annotation>
<Annotation Id="134" Type="TIMEX3" StartNode="2370" EndNode="2385">
<Feature>
  <Name className="java.lang.String">type</Name>
  <Value className="java.lang.String">DATE</Value>
</Feature>
<Feature>
  <Name className="java.lang.String">value</Name>
  <Value className="java.lang.String">2011-10-13</Value>
</Feature>
<Feature>
  <Name className="java.lang.String">tid</Name>
  <Value className="java.lang.String">t11</Value>
</Feature>
</Annotation>
<Annotation Id="135" Type="TIMEX3" StartNode="2655" EndNode="2685">
<Feature>
  <Name className="java.lang.String">type</Name>
  <Value className="java.lang.String">DATE</Value>
</Feature>
<Feature>
  <Name className="java.lang.String">value</Name>
  <Value className="java.lang.String">FUTURE_REF</Value>
</Feature>
<Feature>
  <Name className="java.lang.String">tid</Name>
  <Value className="java.lang.String">t12</Value>
</Feature>
</Annotation>
<Annotation Id="136" Type="TIMEX3" StartNode="4783" EndNode="4800">
<Feature>
  <Name className="java.lang.String">type</Name>
  <Value className="java.lang.String">DATE</Value>
</Feature>
<Feature>
  <Name className="java.lang.String">value</Name>
  <Value className="java.lang.String">FUTURE_REF</Value>
</Feature>
<Feature>
  <Name className="java.lang.String">tid</Name>
  <Value className="java.lang.String">t13</Value>
</Feature>
</Annotation>
<Annotation Id="137" Type="TIMEX3" StartNode="5251" EndNode="5281">
<Feature>
  <Name className="java.lang.String">type</Name>
  <Value className="java.lang.String">DATE</Value>
</Feature>
<Feature>
  <Name className="java.lang.String">value</Name>
  <Value className="java.lang.String">FUTURE_REF</Value>
</Feature>
<Feature>
  <Name className="java.lang.String">tid</Name>
  <Value className="java.lang.String">t14</Value>
</Feature>
</Annotation>
<Annotation Id="121" Type="TIMEX3" StartNode="5318" EndNode="5339">
<Feature>
  <Name className="java.lang.String">type</Name>
  <Value className="java.lang.String">DATE</Value>
</Feature>
<Feature>
  <Name className="java.lang.String">value</Name>
  <Value className="java.lang.String">FUTURE_REF</Value>
</Feature>
<Feature>
  <Name className="java.lang.String">tid</Name>
  <Value className="java.lang.String">t15</Value>
</Feature>
</Annotation>
<Annotation Id="122" Type="TIMEX3" StartNode="7672" EndNode="7684">
<Feature>
  <Name className="java.lang.String">type</Name>
  <Value className="java.lang.String">DATE</Value>
</Feature>
<Feature>
  <Name className="java.lang.String">value</Name>
  <Value className="java.lang.String">2017-07-27</Value>
</Feature>
<Feature>
  <Name className="java.lang.String">tid</Name>
  <Value className="java.lang.String">t16</Value>
</Feature>
</Annotation>
<Annotation Id="123" Type="TimeML" StartNode="0" EndNode="7746">
<Feature>
  <Name className="java.lang.String">xsi:noNamespaceSchemaLocation</Name>
  <Value className="java.lang.String">http://timeml.org/timeMLdocs/TimeML_1.2.1.xsd</Value>
</Feature>
<Feature>
  <Name className="java.lang.String">xmlns:xsi</Name>
  <Value className="java.lang.String">http://www.w3.org/2001/XMLSchema-instance</Value>
</Feature>
</Annotation>
<Annotation Id="124" Type="TIMEX3" StartNode="157" EndNode="168">
<Feature>
  <Name className="java.lang.String">type</Name>
  <Value className="java.lang.String">DATE</Value>
</Feature>
<Feature>
  <Name className="java.lang.String">value</Name>
  <Value className="java.lang.String">2017-07-04</Value>
</Feature>
<Feature>
  <Name className="java.lang.String">tid</Name>
  <Value className="java.lang.String">t1</Value>
</Feature>
</Annotation>
<Annotation Id="125" Type="TIMEX3" StartNode="362" EndNode="376">
<Feature>
  <Name className="java.lang.String">type</Name>
  <Value className="java.lang.String">DATE</Value>
</Feature>
<Feature>
  <Name className="java.lang.String">value</Name>
  <Value className="java.lang.String">2005-08-22</Value>
</Feature>
<Feature>
  <Name className="java.lang.String">tid</Name>
  <Value className="java.lang.String">t2</Value>
</Feature>
</Annotation>
<Annotation Id="126" Type="TIMEX3" StartNode="536" EndNode="541">
<Feature>
  <Name className="java.lang.String">type</Name>
  <Value className="java.lang.String">DATE</Value>
</Feature>
<Feature>
  <Name className="java.lang.String">value</Name>
  <Value className="java.lang.String">FUTURE_REF</Value>
</Feature>
<Feature>
  <Name className="java.lang.String">tid</Name>
  <Value className="java.lang.String">t3</Value>
</Feature>
</Annotation>
<Annotation Id="127" Type="TIMEX3" StartNode="542" EndNode="543">
<Feature>
  <Name className="java.lang.String">type</Name>
  <Value className="java.lang.String">DATE</Value>
</Feature>
<Feature>
  <Name className="java.lang.String">value</Name>
  <Value className="java.lang.String">1</Value>
</Feature>
<Feature>
  <Name className="java.lang.String">tid</Name>
  <Value className="java.lang.String">t4</Value>
</Feature>
</Annotation>
</AnnotationSet>

<!-- Named annotation set -->

<AnnotationSet Name="USFD2">
<Annotation Id="64" Type="TimeML" StartNode="0" EndNode="7746">
<Feature>
  <Name className="java.lang.String">xsi:noNamespaceSchemaLocation</Name>
  <Value className="java.lang.String">http://timeml.org/timeMLdocs/TimeML_1.2.1.xsd</Value>
</Feature>
<Feature>
  <Name className="java.lang.String">xmlns:xsi</Name>
  <Value className="java.lang.String">http://www.w3.org/2001/XMLSchema-instance</Value>
</Feature>
</Annotation>
<Annotation Id="65" Type="TIMEX3" StartNode="157" EndNode="168">
<Feature>
  <Name className="java.lang.String">type</Name>
  <Value className="java.lang.String">DATE</Value>
</Feature>
<Feature>
  <Name className="java.lang.String">value</Name>
  <Value className="java.lang.String">2018-03-08</Value>
</Feature>
<Feature>
  <Name className="java.lang.String">tid</Name>
  <Value className="java.lang.String">114</Value>
</Feature>
</Annotation>
<Annotation Id="66" Type="TIMEX3" StartNode="362" EndNode="376">
<Feature>
  <Name className="java.lang.String">type</Name>
  <Value className="java.lang.String">DATE</Value>
</Feature>
<Feature>
  <Name className="java.lang.String">value</Name>
  <Value className="java.lang.String">2018-03-08</Value>
</Feature>
<Feature>
  <Name className="java.lang.String">tid</Name>
  <Value className="java.lang.String">97</Value>
</Feature>
</Annotation>
<Annotation Id="67" Type="TIMEX3" StartNode="632" EndNode="636">
<Feature>
  <Name className="java.lang.String">type</Name>
  <Value className="java.lang.String">DATE</Value>
</Feature>
<Feature>
  <Name className="java.lang.String">value</Name>
  <Value className="java.lang.String">2018-03-08</Value>
</Feature>
<Feature>
  <Name className="java.lang.String">tid</Name>
  <Value className="java.lang.String">14</Value>
</Feature>
</Annotation>
<Annotation Id="68" Type="TIMEX3" StartNode="679" EndNode="682">
<Feature>
  <Name className="java.lang.String">type</Name>
  <Value className="java.lang.String">DATE</Value>
</Feature>
<Feature>
  <Name className="java.lang.String">value</Name>
  <Value className="java.lang.String">2018-03-08</Value>
</Feature>
<Feature>
  <Name className="java.lang.String">tid</Name>
  <Value className="java.lang.String">19</Value>
</Feature>
</Annotation>
<Annotation Id="69" Type="TIMEX3" StartNode="1197" EndNode="1200">
<Feature>
  <Name className="java.lang.String">type</Name>
  <Value className="java.lang.String">DATE</Value>
</Feature>
<Feature>
  <Name className="java.lang.String">value</Name>
  <Value className="java.lang.String">XX-XX-XXXX</Value>
</Feature>
<Feature>
  <Name className="java.lang.String">tid</Name>
  <Value className="java.lang.String">35</Value>
</Feature>
</Annotation>
<Annotation Id="70" Type="TIMEX3" StartNode="1234" EndNode="1250">
<Feature>
  <Name className="java.lang.String">type</Name>
  <Value className="java.lang.String">DATE</Value>
</Feature>
<Feature>
  <Name className="java.lang.String">value</Name>
  <Value className="java.lang.String">2018-03-08</Value>
</Feature>
<Feature>
  <Name className="java.lang.String">tid</Name>
  <Value className="java.lang.String">91</Value>
</Feature>
</Annotation>
<Annotation Id="71" Type="TIMEX3" StartNode="1848" EndNode="1860">
<Feature>
  <Name className="java.lang.String">type</Name>
  <Value className="java.lang.String">DATE</Value>
</Feature>
<Feature>
  <Name className="java.lang.String">value</Name>
  <Value className="java.lang.String">2018-03-08</Value>
</Feature>
<Feature>
  <Name className="java.lang.String">tid</Name>
  <Value className="java.lang.String">113</Value>
</Feature>
</Annotation>
<Annotation Id="72" Type="TIMEX3" StartNode="2026" EndNode="2042">
<Feature>
  <Name className="java.lang.String">type</Name>
  <Value className="java.lang.String">DATE</Value>
</Feature>
<Feature>
  <Name className="java.lang.String">value</Name>
  <Value className="java.lang.String">2018-03-08</Value>
</Feature>
<Feature>
  <Name className="java.lang.String">tid</Name>
  <Value className="java.lang.String">116</Value>
</Feature>
</Annotation>
<Annotation Id="73" Type="TIMEX3" StartNode="2370" EndNode="2385">
<Feature>
  <Name className="java.lang.String">type</Name>
  <Value className="java.lang.String">DATE</Value>
</Feature>
<Feature>
  <Name className="java.lang.String">value</Name>
  <Value className="java.lang.String">2018-03-08</Value>
</Feature>
<Feature>
  <Name className="java.lang.String">tid</Name>
  <Value className="java.lang.String">105</Value>
</Feature>
</Annotation>
<Annotation Id="74" Type="TIMEX3" StartNode="2655" EndNode="2657">
<Feature>
  <Name className="java.lang.String">type</Name>
  <Value className="java.lang.String">DATE</Value>
</Feature>
<Feature>
  <Name className="java.lang.String">value</Name>
  <Value className="java.lang.String">2018-03-08</Value>
</Feature>
<Feature>
  <Name className="java.lang.String">tid</Name>
  <Value className="java.lang.String">48</Value>
</Feature>
</Annotation>
<Annotation Id="75" Type="TIMEX3" StartNode="2666" EndNode="2668">
<Feature>
  <Name className="java.lang.String">type</Name>
  <Value className="java.lang.String">DATE</Value>
</Feature>
<Feature>
  <Name className="java.lang.String">value</Name>
  <Value className="java.lang.String">2018-03-08</Value>
</Feature>
<Feature>
  <Name className="java.lang.String">tid</Name>
  <Value className="java.lang.String">18</Value>
</Feature>
</Annotation>
<Annotation Id="76" Type="TIMEX3" StartNode="2673" EndNode="2685">
<Feature>
  <Name className="java.lang.String">type</Name>
  <Value className="java.lang.String">DATE</Value>
</Feature>
<Feature>
  <Name className="java.lang.String">value</Name>
  <Value className="java.lang.String">2018-03-08</Value>
</Feature>
<Feature>
  <Name className="java.lang.String">tid</Name>
  <Value className="java.lang.String">94</Value>
</Feature>
</Annotation>
<Annotation Id="77" Type="TIMEX3" StartNode="4380" EndNode="4382">
<Feature>
  <Name className="java.lang.String">type</Name>
  <Value className="java.lang.String">DATE</Value>
</Feature>
<Feature>
  <Name className="java.lang.String">value</Name>
  <Value className="java.lang.String">2018-03-08</Value>
</Feature>
<Feature>
  <Name className="java.lang.String">tid</Name>
  <Value className="java.lang.String">2</Value>
</Feature>
</Annotation>
<Annotation Id="78" Type="TIMEX3" StartNode="4426" EndNode="4428">
<Feature>
  <Name className="java.lang.String">type</Name>
  <Value className="java.lang.String">DATE</Value>
</Feature>
<Feature>
  <Name className="java.lang.String">value</Name>
  <Value className="java.lang.String">2018-03-08</Value>
</Feature>
<Feature>
  <Name className="java.lang.String">tid</Name>
  <Value className="java.lang.String">11</Value>
</Feature>
</Annotation>
<Annotation Id="79" Type="TIMEX3" StartNode="4783" EndNode="4795">
<Feature>
  <Name className="java.lang.String">type</Name>
  <Value className="java.lang.String">DATE</Value>
</Feature>
<Feature>
  <Name className="java.lang.String">value</Name>
  <Value className="java.lang.String">2018-03-08</Value>
</Feature>
<Feature>
  <Name className="java.lang.String">tid</Name>
  <Value className="java.lang.String">85</Value>
</Feature>
</Annotation>
<Annotation Id="80" Type="TIMEX3" StartNode="4798" EndNode="4800">
<Feature>
  <Name className="java.lang.String">type</Name>
  <Value className="java.lang.String">DATE</Value>
</Feature>
<Feature>
  <Name className="java.lang.String">value</Name>
  <Value className="java.lang.String">2018-03-08</Value>
</Feature>
<Feature>
  <Name className="java.lang.String">tid</Name>
  <Value className="java.lang.String">6</Value>
</Feature>
</Annotation>
<Annotation Id="81" Type="TIMEX3" StartNode="5251" EndNode="5253">
<Feature>
  <Name className="java.lang.String">type</Name>
  <Value className="java.lang.String">DATE</Value>
</Feature>
<Feature>
  <Name className="java.lang.String">value</Name>
  <Value className="java.lang.String">2018-03-08</Value>
</Feature>
<Feature>
  <Name className="java.lang.String">tid</Name>
  <Value className="java.lang.String">30</Value>
</Feature>
</Annotation>
<Annotation Id="82" Type="TIMEX3" StartNode="5262" EndNode="5264">
<Feature>
  <Name className="java.lang.String">type</Name>
  <Value className="java.lang.String">DATE</Value>
</Feature>
<Feature>
  <Name className="java.lang.String">value</Name>
  <Value className="java.lang.String">2018-03-08</Value>
</Feature>
<Feature>
  <Name className="java.lang.String">tid</Name>
  <Value className="java.lang.String">39</Value>
</Feature>
</Annotation>
<Annotation Id="83" Type="TIMEX3" StartNode="5266" EndNode="5281">
<Feature>
  <Name className="java.lang.String">type</Name>
  <Value className="java.lang.String">DATE</Value>
</Feature>
<Feature>
  <Name className="java.lang.String">value</Name>
  <Value className="java.lang.String">2018-03-08</Value>
</Feature>
<Feature>
  <Name className="java.lang.String">tid</Name>
  <Value className="java.lang.String">103</Value>
</Feature>
</Annotation>
<Annotation Id="84" Type="TIMEX3" StartNode="5328" EndNode="5339">
<Feature>
  <Name className="java.lang.String">type</Name>
  <Value className="java.lang.String">DATE</Value>
</Feature>
<Feature>
  <Name className="java.lang.String">value</Name>
  <Value className="java.lang.String">2018-03-08</Value>
</Feature>
<Feature>
  <Name className="java.lang.String">tid</Name>
  <Value className="java.lang.String">108</Value>
</Feature>
</Annotation>
<Annotation Id="85" Type="TIMEX3" StartNode="5342" EndNode="5344">
<Feature>
  <Name className="java.lang.String">type</Name>
  <Value className="java.lang.String">DATE</Value>
</Feature>
<Feature>
  <Name className="java.lang.String">value</Name>
  <Value className="java.lang.String">2018-03-08</Value>
</Feature>
<Feature>
  <Name className="java.lang.String">tid</Name>
  <Value className="java.lang.String">45</Value>
</Feature>
</Annotation>
<Annotation Id="86" Type="TIMEX3" StartNode="6567" EndNode="6569">
<Feature>
  <Name className="java.lang.String">type</Name>
  <Value className="java.lang.String">DATE</Value>
</Feature>
<Feature>
  <Name className="java.lang.String">value</Name>
  <Value className="java.lang.String">2018-03-08</Value>
</Feature>
<Feature>
  <Name className="java.lang.String">tid</Name>
  <Value className="java.lang.String">27</Value>
</Feature>
</Annotation>
<Annotation Id="87" Type="TIMEX3" StartNode="6839" EndNode="6841">
<Feature>
  <Name className="java.lang.String">type</Name>
  <Value className="java.lang.String">DATE</Value>
</Feature>
<Feature>
  <Name className="java.lang.String">value</Name>
  <Value className="java.lang.String">2018-03-08</Value>
</Feature>
<Feature>
  <Name className="java.lang.String">tid</Name>
  <Value className="java.lang.String">28</Value>
</Feature>
</Annotation>
<Annotation Id="88" Type="TIMEX3" StartNode="7672" EndNode="7684">
<Feature>
  <Name className="java.lang.String">type</Name>
  <Value className="java.lang.String">DATE</Value>
</Feature>
<Feature>
  <Name className="java.lang.String">value</Name>
  <Value className="java.lang.String">2018-03-08</Value>
</Feature>
<Feature>
  <Name className="java.lang.String">tid</Name>
  <Value className="java.lang.String">100</Value>
</Feature>
</Annotation>
</AnnotationSet>

<!-- Named annotation set -->

<AnnotationSet Name="SYNTIME">
<Annotation Id="106" Type="TimeML" StartNode="0" EndNode="7746">
<Feature>
  <Name className="java.lang.String">xsi:noNamespaceSchemaLocation</Name>
  <Value className="java.lang.String">http://timeml.org/timeMLdocs/TimeML_1.2.1.xsd</Value>
</Feature>
<Feature>
  <Name className="java.lang.String">xmlns:xsi</Name>
  <Value className="java.lang.String">http://www.w3.org/2001/XMLSchema-instance</Value>
</Feature>
</Annotation>
<Annotation Id="107" Type="TIMEX3" StartNode="157" EndNode="168">
<Feature>
  <Name className="java.lang.String">type</Name>
  <Value className="java.lang.String">DATE</Value>
</Feature>
<Feature>
  <Name className="java.lang.String">value</Name>
  <Value className="java.lang.String">2018-03-01</Value>
</Feature>
<Feature>
  <Name className="java.lang.String">tid</Name>
  <Value className="java.lang.String">t1</Value>
</Feature>
</Annotation>
<Annotation Id="108" Type="TIMEX3" StartNode="362" EndNode="376">
<Feature>
  <Name className="java.lang.String">type</Name>
  <Value className="java.lang.String">DATE</Value>
</Feature>
<Feature>
  <Name className="java.lang.String">value</Name>
  <Value className="java.lang.String">2018-03-01</Value>
</Feature>
<Feature>
  <Name className="java.lang.String">tid</Name>
  <Value className="java.lang.String">t2</Value>
</Feature>
</Annotation>
<Annotation Id="109" Type="TIMEX3" StartNode="632" EndNode="636">
<Feature>
  <Name className="java.lang.String">type</Name>
  <Value className="java.lang.String">DATE</Value>
</Feature>
<Feature>
  <Name className="java.lang.String">value</Name>
  <Value className="java.lang.String">2018-03-01</Value>
</Feature>
<Feature>
  <Name className="java.lang.String">tid</Name>
  <Value className="java.lang.String">t3</Value>
</Feature>
</Annotation>
<Annotation Id="110" Type="TIMEX3" StartNode="679" EndNode="682">
<Feature>
  <Name className="java.lang.String">type</Name>
  <Value className="java.lang.String">DATE</Value>
</Feature>
<Feature>
  <Name className="java.lang.String">value</Name>
  <Value className="java.lang.String">2018-03-01</Value>
</Feature>
<Feature>
  <Name className="java.lang.String">tid</Name>
  <Value className="java.lang.String">t4</Value>
</Feature>
</Annotation>
<Annotation Id="111" Type="TIMEX3" StartNode="1234" EndNode="1250">
<Feature>
  <Name className="java.lang.String">type</Name>
  <Value className="java.lang.String">DATE</Value>
</Feature>
<Feature>
  <Name className="java.lang.String">value</Name>
  <Value className="java.lang.String">2018-03-01</Value>
</Feature>
<Feature>
  <Name className="java.lang.String">tid</Name>
  <Value className="java.lang.String">t5</Value>
</Feature>
</Annotation>
<Annotation Id="112" Type="TIMEX3" StartNode="1848" EndNode="1860">
<Feature>
  <Name className="java.lang.String">type</Name>
  <Value className="java.lang.String">DATE</Value>
</Feature>
<Feature>
  <Name className="java.lang.String">value</Name>
  <Value className="java.lang.String">2018-03-01</Value>
</Feature>
<Feature>
  <Name className="java.lang.String">tid</Name>
  <Value className="java.lang.String">t6</Value>
</Feature>
</Annotation>
<Annotation Id="113" Type="TIMEX3" StartNode="2026" EndNode="2042">
<Feature>
  <Name className="java.lang.String">type</Name>
  <Value className="java.lang.String">DATE</Value>
</Feature>
<Feature>
  <Name className="java.lang.String">value</Name>
  <Value className="java.lang.String">2018-03-01</Value>
</Feature>
<Feature>
  <Name className="java.lang.String">tid</Name>
  <Value className="java.lang.String">t7</Value>
</Feature>
</Annotation>
<Annotation Id="114" Type="TIMEX3" StartNode="2135" EndNode="2147">
<Feature>
  <Name className="java.lang.String">type</Name>
  <Value className="java.lang.String">DATE</Value>
</Feature>
<Feature>
  <Name className="java.lang.String">value</Name>
  <Value className="java.lang.String">2018-03-01</Value>
</Feature>
<Feature>
  <Name className="java.lang.String">tid</Name>
  <Value className="java.lang.String">t8</Value>
</Feature>
</Annotation>
<Annotation Id="115" Type="TIMEX3" StartNode="2370" EndNode="2385">
<Feature>
  <Name className="java.lang.String">type</Name>
  <Value className="java.lang.String">DATE</Value>
</Feature>
<Feature>
  <Name className="java.lang.String">value</Name>
  <Value className="java.lang.String">2018-03-01</Value>
</Feature>
<Feature>
  <Name className="java.lang.String">tid</Name>
  <Value className="java.lang.String">t9</Value>
</Feature>
</Annotation>
<Annotation Id="116" Type="TIMEX3" StartNode="2673" EndNode="2685">
<Feature>
  <Name className="java.lang.String">type</Name>
  <Value className="java.lang.String">DATE</Value>
</Feature>
<Feature>
  <Name className="java.lang.String">value</Name>
  <Value className="java.lang.String">2018-03-01</Value>
</Feature>
<Feature>
  <Name className="java.lang.String">tid</Name>
  <Value className="java.lang.String">t10</Value>
</Feature>
</Annotation>
<Annotation Id="117" Type="TIMEX3" StartNode="4783" EndNode="4795">
<Feature>
  <Name className="java.lang.String">type</Name>
  <Value className="java.lang.String">DATE</Value>
</Feature>
<Feature>
  <Name className="java.lang.String">value</Name>
  <Value className="java.lang.String">2018-03-01</Value>
</Feature>
<Feature>
  <Name className="java.lang.String">tid</Name>
  <Value className="java.lang.String">t11</Value>
</Feature>
</Annotation>
<Annotation Id="118" Type="TIMEX3" StartNode="5266" EndNode="5281">
<Feature>
  <Name className="java.lang.String">type</Name>
  <Value className="java.lang.String">DATE</Value>
</Feature>
<Feature>
  <Name className="java.lang.String">value</Name>
  <Value className="java.lang.String">2018-03-01</Value>
</Feature>
<Feature>
  <Name className="java.lang.String">tid</Name>
  <Value className="java.lang.String">t12</Value>
</Feature>
</Annotation>
<Annotation Id="119" Type="TIMEX3" StartNode="5328" EndNode="5339">
<Feature>
  <Name className="java.lang.String">type</Name>
  <Value className="java.lang.String">DATE</Value>
</Feature>
<Feature>
  <Name className="java.lang.String">value</Name>
  <Value className="java.lang.String">2018-03-01</Value>
</Feature>
<Feature>
  <Name className="java.lang.String">tid</Name>
  <Value className="java.lang.String">t13</Value>
</Feature>
</Annotation>
<Annotation Id="120" Type="TIMEX3" StartNode="7672" EndNode="7684">
<Feature>
  <Name className="java.lang.String">type</Name>
  <Value className="java.lang.String">DATE</Value>
</Feature>
<Feature>
  <Name className="java.lang.String">value</Name>
  <Value className="java.lang.String">2018-03-01</Value>
</Feature>
<Feature>
  <Name className="java.lang.String">tid</Name>
  <Value className="java.lang.String">t14</Value>
</Feature>
</Annotation>
</AnnotationSet>

<!-- Named annotation set -->

<AnnotationSet Name="LegalTimeML">
<Annotation Id="176" Type="TIMEX3" StartNode="1234" EndNode="1250">
<Feature>
  <Name className="java.lang.String">type</Name>
  <Value className="java.lang.String">DATE</Value>
</Feature>
<Feature>
  <Name className="java.lang.String">value</Name>
  <Value className="java.lang.String">2004-11-24</Value>
</Feature>
<Feature>
  <Name className="java.lang.String">tid</Name>
  <Value className="java.lang.String">t5</Value>
</Feature>
</Annotation>
<Annotation Id="177" Type="TIMEX3" StartNode="1848" EndNode="1860">
<Feature>
  <Name className="java.lang.String">type</Name>
  <Value className="java.lang.String">DATE</Value>
</Feature>
<Feature>
  <Name className="java.lang.String">value</Name>
  <Value className="java.lang.String">2005-06-24</Value>
</Feature>
<Feature>
  <Name className="java.lang.String">tid</Name>
  <Value className="java.lang.String">t6</Value>
</Feature>
</Annotation>
<Annotation Id="178" Type="TIMEX3" StartNode="2026" EndNode="2042">
<Feature>
  <Name className="java.lang.String">type</Name>
  <Value className="java.lang.String">DATE</Value>
</Feature>
<Feature>
  <Name className="java.lang.String">value</Name>
  <Value className="java.lang.String">2010-11-17</Value>
</Feature>
<Feature>
  <Name className="java.lang.String">tid</Name>
  <Value className="java.lang.String">t7</Value>
</Feature>
</Annotation>
<Annotation Id="179" Type="TIMEX3" StartNode="2135" EndNode="2147">
<Feature>
  <Name className="java.lang.String">type</Name>
  <Value className="java.lang.String">DATE</Value>
</Feature>
<Feature>
  <Name className="java.lang.String">value</Name>
  <Value className="java.lang.String">2005-06-24</Value>
</Feature>
<Feature>
  <Name className="java.lang.String">tid</Name>
  <Value className="java.lang.String">t8</Value>
</Feature>
</Annotation>
<Annotation Id="180" Type="TIMEX3" StartNode="2370" EndNode="2385">
<Feature>
  <Name className="java.lang.String">type</Name>
  <Value className="java.lang.String">DATE</Value>
</Feature>
<Feature>
  <Name className="java.lang.String">value</Name>
  <Value className="java.lang.String">2011-10-13</Value>
</Feature>
<Feature>
  <Name className="java.lang.String">tid</Name>
  <Value className="java.lang.String">t9</Value>
</Feature>
</Annotation>
<Annotation Id="181" Type="TIMEX3" StartNode="7672" EndNode="7684">
<Feature>
  <Name className="java.lang.String">type</Name>
  <Value className="java.lang.String">DATE</Value>
</Feature>
<Feature>
  <Name className="java.lang.String">value</Name>
  <Value className="java.lang.String">2017-07-27</Value>
</Feature>
<Feature>
  <Name className="java.lang.String">tid</Name>
  <Value className="java.lang.String">t15</Value>
</Feature>
</Annotation>
<Annotation Id="172" Type="TimeML" StartNode="0" EndNode="7746">
<Feature>
  <Name className="java.lang.String">xsi:noNamespaceSchemaLocation</Name>
  <Value className="java.lang.String">http://timeml.org/timeMLdocs/TimeML_1.2.1.xsd</Value>
</Feature>
<Feature>
  <Name className="java.lang.String">xmlns:xsi</Name>
  <Value className="java.lang.String">http://www.w3.org/2001/XMLSchema-instance</Value>
</Feature>
</Annotation>
<Annotation Id="173" Type="TIMEX3" StartNode="157" EndNode="168">
<Feature>
  <Name className="java.lang.String">functionInDocument</Name>
  <Value className="java.lang.String">CREATION_TIME</Value>
</Feature>
<Feature>
  <Name className="java.lang.String">type</Name>
  <Value className="java.lang.String">DATE</Value>
</Feature>
<Feature>
  <Name className="java.lang.String">value</Name>
  <Value className="java.lang.String">2017-07-04</Value>
</Feature>
<Feature>
  <Name className="java.lang.String">tid</Name>
  <Value className="java.lang.String">t1</Value>
</Feature>
</Annotation>
<Annotation Id="174" Type="TIMEX3" StartNode="362" EndNode="376">
<Feature>
  <Name className="java.lang.String">type</Name>
  <Value className="java.lang.String">DATE</Value>
</Feature>
<Feature>
  <Name className="java.lang.String">value</Name>
  <Value className="java.lang.String">2005-08-22</Value>
</Feature>
<Feature>
  <Name className="java.lang.String">tid</Name>
  <Value className="java.lang.String">t2</Value>
</Feature>
</Annotation>
<Annotation Id="175" Type="TIMEX3" StartNode="632" EndNode="636">
<Feature>
  <Name className="java.lang.String">type</Name>
  <Value className="java.lang.String">DATE</Value>
</Feature>
<Feature>
  <Name className="java.lang.String">value</Name>
  <Value className="java.lang.String">1978</Value>
</Feature>
<Feature>
  <Name className="java.lang.String">tid</Name>
  <Value className="java.lang.String">t3</Value>
</Feature>
</Annotation>
</AnnotationSet>

<!-- Named annotation set -->

<AnnotationSet Name="StandardTimeML">
<Annotation Id="192" Type="TIMEX3" StartNode="4783" EndNode="4795">
<Feature>
  <Name className="java.lang.String">type</Name>
  <Value className="java.lang.String">DATE</Value>
</Feature>
<Feature>
  <Name className="java.lang.String">value</Name>
  <Value className="java.lang.String">1996-06-25</Value>
</Feature>
<Feature>
  <Name className="java.lang.String">tid</Name>
  <Value className="java.lang.String">t11</Value>
</Feature>
</Annotation>
<Annotation Id="193" Type="TIMEX3" StartNode="5266" EndNode="5281">
<Feature>
  <Name className="java.lang.String">type</Name>
  <Value className="java.lang.String">DATE</Value>
</Feature>
<Feature>
  <Name className="java.lang.String">value</Name>
  <Value className="java.lang.String">2010-11-02</Value>
</Feature>
<Feature>
  <Name className="java.lang.String">tid</Name>
  <Value className="java.lang.String">t12</Value>
</Feature>
</Annotation>
<Annotation Id="194" Type="TIMEX3" StartNode="5328" EndNode="5339">
<Feature>
  <Name className="java.lang.String">type</Name>
  <Value className="java.lang.String">DATE</Value>
</Feature>
<Feature>
  <Name className="java.lang.String">value</Name>
  <Value className="java.lang.String">2011-05-17</Value>
</Feature>
<Feature>
  <Name className="java.lang.String">tid</Name>
  <Value className="java.lang.String">t14</Value>
</Feature>
</Annotation>
<Annotation Id="195" Type="TIMEX3" StartNode="679" EndNode="682">
<Feature>
  <Name className="java.lang.String">type</Name>
  <Value className="java.lang.String">DATE</Value>
</Feature>
<Feature>
  <Name className="java.lang.String">value</Name>
  <Value className="java.lang.String">PRESENT_REF</Value>
</Feature>
<Feature>
  <Name className="java.lang.String">tid</Name>
  <Value className="java.lang.String">t90</Value>
</Feature>
<Feature>
  <Name className="java.lang.String">temporalFunction</Name>
  <Value className="java.lang.String">true</Value>
</Feature>
<Feature>
  <Name className="java.lang.String">anchorTimeID</Name>
  <Value className="java.lang.String">t1</Value>
</Feature>
</Annotation>
<Annotation Id="196" Type="TIMEX3" StartNode="7672" EndNode="7684">
<Feature>
  <Name className="java.lang.String">functionInDocument</Name>
  <Value className="java.lang.String">PUBLICATION_TIME</Value>
</Feature>
<Feature>
  <Name className="java.lang.String">type</Name>
  <Value className="java.lang.String">DATE</Value>
</Feature>
<Feature>
  <Name className="java.lang.String">value</Name>
  <Value className="java.lang.String">2017-07-27</Value>
</Feature>
<Feature>
  <Name className="java.lang.String">tid</Name>
  <Value className="java.lang.String">t15</Value>
</Feature>
</Annotation>
<Annotation Id="182" Type="TimeML" StartNode="0" EndNode="7746">
<Feature>
  <Name className="java.lang.String">xsi:noNamespaceSchemaLocation</Name>
  <Value className="java.lang.String">http://timeml.org/timeMLdocs/TimeML_1.2.1.xsd</Value>
</Feature>
<Feature>
  <Name className="java.lang.String">xmlns:xsi</Name>
  <Value className="java.lang.String">http://www.w3.org/2001/XMLSchema-instance</Value>
</Feature>
</Annotation>
<Annotation Id="183" Type="TIMEX3" StartNode="157" EndNode="168">
<Feature>
  <Name className="java.lang.String">functionInDocument</Name>
  <Value className="java.lang.String">CREATION_TIME</Value>
</Feature>
<Feature>
  <Name className="java.lang.String">type</Name>
  <Value className="java.lang.String">DATE</Value>
</Feature>
<Feature>
  <Name className="java.lang.String">value</Name>
  <Value className="java.lang.String">2017-07-04</Value>
</Feature>
<Feature>
  <Name className="java.lang.String">tid</Name>
  <Value className="java.lang.String">t1</Value>
</Feature>
</Annotation>
<Annotation Id="184" Type="TIMEX3" StartNode="362" EndNode="376">
<Feature>
  <Name className="java.lang.String">type</Name>
  <Value className="java.lang.String">DATE</Value>
</Feature>
<Feature>
  <Name className="java.lang.String">value</Name>
  <Value className="java.lang.String">2005-08-22</Value>
</Feature>
<Feature>
  <Name className="java.lang.String">tid</Name>
  <Value className="java.lang.String">t2</Value>
</Feature>
</Annotation>
<Annotation Id="185" Type="TIMEX3" StartNode="632" EndNode="636">
<Feature>
  <Name className="java.lang.String">type</Name>
  <Value className="java.lang.String">DATE</Value>
</Feature>
<Feature>
  <Name className="java.lang.String">value</Name>
  <Value className="java.lang.String">1978</Value>
</Feature>
<Feature>
  <Name className="java.lang.String">tid</Name>
  <Value className="java.lang.String">t3</Value>
</Feature>
</Annotation>
<Annotation Id="186" Type="TIMEX3" StartNode="1234" EndNode="1250">
<Feature>
  <Name className="java.lang.String">type</Name>
  <Value className="java.lang.String">DATE</Value>
</Feature>
<Feature>
  <Name className="java.lang.String">value</Name>
  <Value className="java.lang.String">2004-11-24</Value>
</Feature>
<Feature>
  <Name className="java.lang.String">tid</Name>
  <Value className="java.lang.String">t5</Value>
</Feature>
</Annotation>
<Annotation Id="187" Type="TIMEX3" StartNode="1848" EndNode="1860">
<Feature>
  <Name className="java.lang.String">type</Name>
  <Value className="java.lang.String">DATE</Value>
</Feature>
<Feature>
  <Name className="java.lang.String">value</Name>
  <Value className="java.lang.String">2005-06-24</Value>
</Feature>
<Feature>
  <Name className="java.lang.String">tid</Name>
  <Value className="java.lang.String">t6</Value>
</Feature>
</Annotation>
<Annotation Id="188" Type="TIMEX3" StartNode="2026" EndNode="2042">
<Feature>
  <Name className="java.lang.String">type</Name>
  <Value className="java.lang.String">DATE</Value>
</Feature>
<Feature>
  <Name className="java.lang.String">value</Name>
  <Value className="java.lang.String">2010-11-17</Value>
</Feature>
<Feature>
  <Name className="java.lang.String">tid</Name>
  <Value className="java.lang.String">t7</Value>
</Feature>
</Annotation>
<Annotation Id="189" Type="TIMEX3" StartNode="2135" EndNode="2147">
<Feature>
  <Name className="java.lang.String">type</Name>
  <Value className="java.lang.String">DATE</Value>
</Feature>
<Feature>
  <Name className="java.lang.String">value</Name>
  <Value className="java.lang.String">2005-06-24</Value>
</Feature>
<Feature>
  <Name className="java.lang.String">tid</Name>
  <Value className="java.lang.String">t8</Value>
</Feature>
</Annotation>
<Annotation Id="190" Type="TIMEX3" StartNode="2370" EndNode="2385">
<Feature>
  <Name className="java.lang.String">type</Name>
  <Value className="java.lang.String">DATE</Value>
</Feature>
<Feature>
  <Name className="java.lang.String">value</Name>
  <Value className="java.lang.String">2011-10-13</Value>
</Feature>
<Feature>
  <Name className="java.lang.String">tid</Name>
  <Value className="java.lang.String">t9</Value>
</Feature>
</Annotation>
<Annotation Id="191" Type="TIMEX3" StartNode="2673" EndNode="2685">
<Feature>
  <Name className="java.lang.String">type</Name>
  <Value className="java.lang.String">DATE</Value>
</Feature>
<Feature>
  <Name className="java.lang.String">value</Name>
  <Value className="java.lang.String">2014-06-19</Value>
</Feature>
<Feature>
  <Name className="java.lang.String">tid</Name>
  <Value className="java.lang.String">t10</Value>
</Feature>
</Annotation>
</AnnotationSet>

<!-- Named annotation set -->

<AnnotationSet Name="CAEVO">
<Annotation Id="138" Type="TIMEX3" StartNode="5307" EndNode="5311">
<Feature>
  <Name className="java.lang.String">functionInDocument</Name>
  <Value className="java.lang.String">NONE</Value>
</Feature>
<Feature>
  <Name className="java.lang.String">type</Name>
  <Value className="java.lang.String">DATE</Value>
</Feature>
<Feature>
  <Name className="java.lang.String">value</Name>
  <Value className="java.lang.String">XXXX-12</Value>
</Feature>
<Feature>
  <Name className="java.lang.String">tid</Name>
  <Value className="java.lang.String">t14</Value>
</Feature>
<Feature>
  <Name className="java.lang.String">temporalFunction</Name>
  <Value className="java.lang.String">false</Value>
</Feature>
</Annotation>
<Annotation Id="139" Type="TIMEX3" StartNode="5328" EndNode="5339">
<Feature>
  <Name className="java.lang.String">functionInDocument</Name>
  <Value className="java.lang.String">NONE</Value>
</Feature>
<Feature>
  <Name className="java.lang.String">type</Name>
  <Value className="java.lang.String">DATE</Value>
</Feature>
<Feature>
  <Name className="java.lang.String">value</Name>
  <Value className="java.lang.String">2011-05-17</Value>
</Feature>
<Feature>
  <Name className="java.lang.String">tid</Name>
  <Value className="java.lang.String">t15</Value>
</Feature>
<Feature>
  <Name className="java.lang.String">temporalFunction</Name>
  <Value className="java.lang.String">false</Value>
</Feature>
</Annotation>
<Annotation Id="140" Type="TIMEX3" StartNode="5354" EndNode="5361">
<Feature>
  <Name className="java.lang.String">functionInDocument</Name>
  <Value className="java.lang.String">NONE</Value>
</Feature>
<Feature>
  <Name className="java.lang.String">type</Name>
  <Value className="java.lang.String">DATE</Value>
</Feature>
<Feature>
  <Name className="java.lang.String">value</Name>
  <Value className="java.lang.String">PRESENT_REF</Value>
</Feature>
<Feature>
  <Name className="java.lang.String">tid</Name>
  <Value className="java.lang.String">t16</Value>
</Feature>
<Feature>
  <Name className="java.lang.String">temporalFunction</Name>
  <Value className="java.lang.String">false</Value>
</Feature>
</Annotation>
<Annotation Id="141" Type="TIMEX3" StartNode="7672" EndNode="7684">
<Feature>
  <Name className="java.lang.String">functionInDocument</Name>
  <Value className="java.lang.String">NONE</Value>
</Feature>
<Feature>
  <Name className="java.lang.String">type</Name>
  <Value className="java.lang.String">DATE</Value>
</Feature>
<Feature>
  <Name className="java.lang.String">value</Name>
  <Value className="java.lang.String">2017-07-27</Value>
</Feature>
<Feature>
  <Name className="java.lang.String">tid</Name>
  <Value className="java.lang.String">t18</Value>
</Feature>
<Feature>
  <Name className="java.lang.String">temporalFunction</Name>
  <Value className="java.lang.String">false</Value>
</Feature>
</Annotation>
<Annotation Id="142" Type="TimeML" StartNode="0" EndNode="7746">
<Feature>
  <Name className="java.lang.String">xsi:noNamespaceSchemaLocation</Name>
  <Value className="java.lang.String">http://timeml.org/timeMLdocs/TimeML_1.2.1.xsd</Value>
</Feature>
<Feature>
  <Name className="java.lang.String">xmlns:xsi</Name>
  <Value className="java.lang.String">http://www.w3.org/2001/XMLSchema-instance</Value>
</Feature>
</Annotation>
<Annotation Id="143" Type="TIMEX3" StartNode="157" EndNode="168">
<Feature>
  <Name className="java.lang.String">functionInDocument</Name>
  <Value className="java.lang.String">NONE</Value>
</Feature>
<Feature>
  <Name className="java.lang.String">type</Name>
  <Value className="java.lang.String">DATE</Value>
</Feature>
<Feature>
  <Name className="java.lang.String">value</Name>
  <Value className="java.lang.String">2017-07-04</Value>
</Feature>
<Feature>
  <Name className="java.lang.String">tid</Name>
  <Value className="java.lang.String">t1</Value>
</Feature>
<Feature>
  <Name className="java.lang.String">temporalFunction</Name>
  <Value className="java.lang.String">false</Value>
</Feature>
</Annotation>
<Annotation Id="144" Type="TIMEX3" StartNode="362" EndNode="376">
<Feature>
  <Name className="java.lang.String">functionInDocument</Name>
  <Value className="java.lang.String">NONE</Value>
</Feature>
<Feature>
  <Name className="java.lang.String">type</Name>
  <Value className="java.lang.String">DATE</Value>
</Feature>
<Feature>
  <Name className="java.lang.String">value</Name>
  <Value className="java.lang.String">2005-08-22</Value>
</Feature>
<Feature>
  <Name className="java.lang.String">tid</Name>
  <Value className="java.lang.String">t2</Value>
</Feature>
<Feature>
  <Name className="java.lang.String">temporalFunction</Name>
  <Value className="java.lang.String">false</Value>
</Feature>
</Annotation>
<Annotation Id="145" Type="TIMEX3" StartNode="632" EndNode="636">
<Feature>
  <Name className="java.lang.String">functionInDocument</Name>
  <Value className="java.lang.String">NONE</Value>
</Feature>
<Feature>
  <Name className="java.lang.String">type</Name>
  <Value className="java.lang.String">DATE</Value>
</Feature>
<Feature>
  <Name className="java.lang.String">value</Name>
  <Value className="java.lang.String">1978</Value>
</Feature>
<Feature>
  <Name className="java.lang.String">tid</Name>
  <Value className="java.lang.String">t3</Value>
</Feature>
<Feature>
  <Name className="java.lang.String">temporalFunction</Name>
  <Value className="java.lang.String">false</Value>
</Feature>
</Annotation>
<Annotation Id="146" Type="TIMEX3" StartNode="679" EndNode="682">
<Feature>
  <Name className="java.lang.String">functionInDocument</Name>
  <Value className="java.lang.String">NONE</Value>
</Feature>
<Feature>
  <Name className="java.lang.String">type</Name>
  <Value className="java.lang.String">DATE</Value>
</Feature>
<Feature>
  <Name className="java.lang.String">value</Name>
  <Value className="java.lang.String">PRESENT_REF</Value>
</Feature>
<Feature>
  <Name className="java.lang.String">tid</Name>
  <Value className="java.lang.String">t4</Value>
</Feature>
<Feature>
  <Name className="java.lang.String">temporalFunction</Name>
  <Value className="java.lang.String">false</Value>
</Feature>
</Annotation>
<Annotation Id="147" Type="TIMEX3" StartNode="1234" EndNode="1250">
<Feature>
  <Name className="java.lang.String">functionInDocument</Name>
  <Value className="java.lang.String">NONE</Value>
</Feature>
<Feature>
  <Name className="java.lang.String">type</Name>
  <Value className="java.lang.String">DATE</Value>
</Feature>
<Feature>
  <Name className="java.lang.String">value</Name>
  <Value className="java.lang.String">2004-11-24</Value>
</Feature>
<Feature>
  <Name className="java.lang.String">tid</Name>
  <Value className="java.lang.String">t5</Value>
</Feature>
<Feature>
  <Name className="java.lang.String">temporalFunction</Name>
  <Value className="java.lang.String">false</Value>
</Feature>
</Annotation>
<Annotation Id="148" Type="TIMEX3" StartNode="1848" EndNode="1860">
<Feature>
  <Name className="java.lang.String">functionInDocument</Name>
  <Value className="java.lang.String">NONE</Value>
</Feature>
<Feature>
  <Name className="java.lang.String">type</Name>
  <Value className="java.lang.String">DATE</Value>
</Feature>
<Feature>
  <Name className="java.lang.String">value</Name>
  <Value className="java.lang.String">2005-06-24</Value>
</Feature>
<Feature>
  <Name className="java.lang.String">tid</Name>
  <Value className="java.lang.String">t6</Value>
</Feature>
<Feature>
  <Name className="java.lang.String">temporalFunction</Name>
  <Value className="java.lang.String">false</Value>
</Feature>
</Annotation>
<Annotation Id="149" Type="TIMEX3" StartNode="2026" EndNode="2042">
<Feature>
  <Name className="java.lang.String">functionInDocument</Name>
  <Value className="java.lang.String">NONE</Value>
</Feature>
<Feature>
  <Name className="java.lang.String">type</Name>
  <Value className="java.lang.String">DATE</Value>
</Feature>
<Feature>
  <Name className="java.lang.String">value</Name>
  <Value className="java.lang.String">2010-11-17</Value>
</Feature>
<Feature>
  <Name className="java.lang.String">tid</Name>
  <Value className="java.lang.String">t7</Value>
</Feature>
<Feature>
  <Name className="java.lang.String">temporalFunction</Name>
  <Value className="java.lang.String">false</Value>
</Feature>
</Annotation>
<Annotation Id="150" Type="TIMEX3" StartNode="2135" EndNode="2147">
<Feature>
  <Name className="java.lang.String">functionInDocument</Name>
  <Value className="java.lang.String">NONE</Value>
</Feature>
<Feature>
  <Name className="java.lang.String">type</Name>
  <Value className="java.lang.String">DATE</Value>
</Feature>
<Feature>
  <Name className="java.lang.String">value</Name>
  <Value className="java.lang.String">2005-06-24</Value>
</Feature>
<Feature>
  <Name className="java.lang.String">tid</Name>
  <Value className="java.lang.String">t8</Value>
</Feature>
<Feature>
  <Name className="java.lang.String">temporalFunction</Name>
  <Value className="java.lang.String">false</Value>
</Feature>
</Annotation>
<Annotation Id="151" Type="TIMEX3" StartNode="2370" EndNode="2385">
<Feature>
  <Name className="java.lang.String">functionInDocument</Name>
  <Value className="java.lang.String">NONE</Value>
</Feature>
<Feature>
  <Name className="java.lang.String">type</Name>
  <Value className="java.lang.String">DATE</Value>
</Feature>
<Feature>
  <Name className="java.lang.String">value</Name>
  <Value className="java.lang.String">2011-10-13</Value>
</Feature>
<Feature>
  <Name className="java.lang.String">tid</Name>
  <Value className="java.lang.String">t9</Value>
</Feature>
<Feature>
  <Name className="java.lang.String">temporalFunction</Name>
  <Value className="java.lang.String">false</Value>
</Feature>
</Annotation>
<Annotation Id="152" Type="TIMEX3" StartNode="2474" EndNode="2481">
<Feature>
  <Name className="java.lang.String">functionInDocument</Name>
  <Value className="java.lang.String">NONE</Value>
</Feature>
<Feature>
  <Name className="java.lang.String">type</Name>
  <Value className="java.lang.String">DATE</Value>
</Feature>
<Feature>
  <Name className="java.lang.String">value</Name>
  <Value className="java.lang.String">PRESENT_REF</Value>
</Feature>
<Feature>
  <Name className="java.lang.String">tid</Name>
  <Value className="java.lang.String">t10</Value>
</Feature>
<Feature>
  <Name className="java.lang.String">temporalFunction</Name>
  <Value className="java.lang.String">false</Value>
</Feature>
</Annotation>
<Annotation Id="153" Type="TIMEX3" StartNode="2673" EndNode="2685">
<Feature>
  <Name className="java.lang.String">functionInDocument</Name>
  <Value className="java.lang.String">NONE</Value>
</Feature>
<Feature>
  <Name className="java.lang.String">type</Name>
  <Value className="java.lang.String">DATE</Value>
</Feature>
<Feature>
  <Name className="java.lang.String">value</Name>
  <Value className="java.lang.String">2014-06-19</Value>
</Feature>
<Feature>
  <Name className="java.lang.String">tid</Name>
  <Value className="java.lang.String">t11</Value>
</Feature>
<Feature>
  <Name className="java.lang.String">temporalFunction</Name>
  <Value className="java.lang.String">false</Value>
</Feature>
</Annotation>
<Annotation Id="154" Type="TIMEX3" StartNode="4783" EndNode="4795">
<Feature>
  <Name className="java.lang.String">functionInDocument</Name>
  <Value className="java.lang.String">NONE</Value>
</Feature>
<Feature>
  <Name className="java.lang.String">type</Name>
  <Value className="java.lang.String">DATE</Value>
</Feature>
<Feature>
  <Name className="java.lang.String">value</Name>
  <Value className="java.lang.String">1996-06-25</Value>
</Feature>
<Feature>
  <Name className="java.lang.String">tid</Name>
  <Value className="java.lang.String">t12</Value>
</Feature>
<Feature>
  <Name className="java.lang.String">temporalFunction</Name>
  <Value className="java.lang.String">false</Value>
</Feature>
</Annotation>
<Annotation Id="155" Type="TIMEX3" StartNode="5266" EndNode="5281">
<Feature>
  <Name className="java.lang.String">functionInDocument</Name>
  <Value className="java.lang.String">NONE</Value>
</Feature>
<Feature>
  <Name className="java.lang.String">type</Name>
  <Value className="java.lang.String">DATE</Value>
</Feature>
<Feature>
  <Name className="java.lang.String">value</Name>
  <Value className="java.lang.String">2010-11-02</Value>
</Feature>
<Feature>
  <Name className="java.lang.String">tid</Name>
  <Value className="java.lang.String">t13</Value>
</Feature>
<Feature>
  <Name className="java.lang.String">temporalFunction</Name>
  <Value className="java.lang.String">false</Value>
</Feature>
</Annotation>
</AnnotationSet>

<!-- Named annotation set -->

<AnnotationSet Name="UWTIME">
<Annotation Id="89" Type="TimeML" StartNode="0" EndNode="7746">
<Feature>
  <Name className="java.lang.String">xsi:noNamespaceSchemaLocation</Name>
  <Value className="java.lang.String">http://timeml.org/timeMLdocs/TimeML_1.2.1.xsd</Value>
</Feature>
<Feature>
  <Name className="java.lang.String">xmlns:xsi</Name>
  <Value className="java.lang.String">http://www.w3.org/2001/XMLSchema-instance</Value>
</Feature>
</Annotation>
</AnnotationSet>

<!-- Named annotation set -->

<AnnotationSet Name="HEIDEL">
<Annotation Id="33" Type="TimeML" StartNode="0" EndNode="7746">
<Feature>
  <Name className="java.lang.String">xsi:noNamespaceSchemaLocation</Name>
  <Value className="java.lang.String">http://timeml.org/timeMLdocs/TimeML_1.2.1.xsd</Value>
</Feature>
<Feature>
  <Name className="java.lang.String">xmlns:xsi</Name>
  <Value className="java.lang.String">http://www.w3.org/2001/XMLSchema-instance</Value>
</Feature>
</Annotation>
<Annotation Id="34" Type="TIMEX3" StartNode="157" EndNode="168">
<Feature>
  <Name className="java.lang.String">type</Name>
  <Value className="java.lang.String">DATE</Value>
</Feature>
<Feature>
  <Name className="java.lang.String">value</Name>
  <Value className="java.lang.String">2017-07-04</Value>
</Feature>
<Feature>
  <Name className="java.lang.String">tid</Name>
  <Value className="java.lang.String">t3</Value>
</Feature>
</Annotation>
<Annotation Id="35" Type="TIMEX3" StartNode="362" EndNode="376">
<Feature>
  <Name className="java.lang.String">type</Name>
  <Value className="java.lang.String">DATE</Value>
</Feature>
<Feature>
  <Name className="java.lang.String">value</Name>
  <Value className="java.lang.String">2005-08-22</Value>
</Feature>
<Feature>
  <Name className="java.lang.String">tid</Name>
  <Value className="java.lang.String">t8</Value>
</Feature>
</Annotation>
<Annotation Id="36" Type="TIMEX3" StartNode="632" EndNode="636">
<Feature>
  <Name className="java.lang.String">type</Name>
  <Value className="java.lang.String">DATE</Value>
</Feature>
<Feature>
  <Name className="java.lang.String">value</Name>
  <Value className="java.lang.String">1978</Value>
</Feature>
<Feature>
  <Name className="java.lang.String">tid</Name>
  <Value className="java.lang.String">t11</Value>
</Feature>
</Annotation>
<Annotation Id="37" Type="TIMEX3" StartNode="679" EndNode="682">
<Feature>
  <Name className="java.lang.String">type</Name>
  <Value className="java.lang.String">DATE</Value>
</Feature>
<Feature>
  <Name className="java.lang.String">value</Name>
  <Value className="java.lang.String">PRESENT_REF</Value>
</Feature>
<Feature>
  <Name className="java.lang.String">tid</Name>
  <Value className="java.lang.String">t12</Value>
</Feature>
</Annotation>
<Annotation Id="38" Type="TIMEX3" StartNode="1234" EndNode="1250">
<Feature>
  <Name className="java.lang.String">type</Name>
  <Value className="java.lang.String">DATE</Value>
</Feature>
<Feature>
  <Name className="java.lang.String">value</Name>
  <Value className="java.lang.String">2004-11-24</Value>
</Feature>
<Feature>
  <Name className="java.lang.String">tid</Name>
  <Value className="java.lang.String">t17</Value>
</Feature>
</Annotation>
<Annotation Id="39" Type="TIMEX3" StartNode="1848" EndNode="1860">
<Feature>
  <Name className="java.lang.String">type</Name>
  <Value className="java.lang.String">DATE</Value>
</Feature>
<Feature>
  <Name className="java.lang.String">value</Name>
  <Value className="java.lang.String">2005-06-24</Value>
</Feature>
<Feature>
  <Name className="java.lang.String">tid</Name>
  <Value className="java.lang.String">t22</Value>
</Feature>
</Annotation>
<Annotation Id="40" Type="TIMEX3" StartNode="2026" EndNode="2042">
<Feature>
  <Name className="java.lang.String">type</Name>
  <Value className="java.lang.String">DATE</Value>
</Feature>
<Feature>
  <Name className="java.lang.String">value</Name>
  <Value className="java.lang.String">2010-11-17</Value>
</Feature>
<Feature>
  <Name className="java.lang.String">tid</Name>
  <Value className="java.lang.String">t29</Value>
</Feature>
</Annotation>
<Annotation Id="41" Type="TIMEX3" StartNode="2135" EndNode="2147">
<Feature>
  <Name className="java.lang.String">type</Name>
  <Value className="java.lang.String">DATE</Value>
</Feature>
<Feature>
  <Name className="java.lang.String">value</Name>
  <Value className="java.lang.String">2005-06-24</Value>
</Feature>
<Feature>
  <Name className="java.lang.String">tid</Name>
  <Value className="java.lang.String">t30</Value>
</Feature>
</Annotation>
<Annotation Id="42" Type="TIMEX3" StartNode="2370" EndNode="2385">
<Feature>
  <Name className="java.lang.String">type</Name>
  <Value className="java.lang.String">DATE</Value>
</Feature>
<Feature>
  <Name className="java.lang.String">value</Name>
  <Value className="java.lang.String">2011-10-13</Value>
</Feature>
<Feature>
  <Name className="java.lang.String">tid</Name>
  <Value className="java.lang.String">t37</Value>
</Feature>
</Annotation>
<Annotation Id="43" Type="TIMEX3" StartNode="2673" EndNode="2685">
<Feature>
  <Name className="java.lang.String">type</Name>
  <Value className="java.lang.String">DATE</Value>
</Feature>
<Feature>
  <Name className="java.lang.String">value</Name>
  <Value className="java.lang.String">2014-06-19</Value>
</Feature>
<Feature>
  <Name className="java.lang.String">tid</Name>
  <Value className="java.lang.String">t42</Value>
</Feature>
</Annotation>
<Annotation Id="44" Type="TIMEX3" StartNode="4783" EndNode="4795">
<Feature>
  <Name className="java.lang.String">type</Name>
  <Value className="java.lang.String">DATE</Value>
</Feature>
<Feature>
  <Name className="java.lang.String">value</Name>
  <Value className="java.lang.String">1996-06-25</Value>
</Feature>
<Feature>
  <Name className="java.lang.String">tid</Name>
  <Value className="java.lang.String">t47</Value>
</Feature>
</Annotation>
<Annotation Id="45" Type="TIMEX3" StartNode="5266" EndNode="5281">
<Feature>
  <Name className="java.lang.String">type</Name>
  <Value className="java.lang.String">DATE</Value>
</Feature>
<Feature>
  <Name className="java.lang.String">value</Name>
  <Value className="java.lang.String">2010-11-02</Value>
</Feature>
<Feature>
  <Name className="java.lang.String">tid</Name>
  <Value className="java.lang.String">t54</Value>
</Feature>
</Annotation>
<Annotation Id="46" Type="TIMEX3" StartNode="5328" EndNode="5339">
<Feature>
  <Name className="java.lang.String">type</Name>
  <Value className="java.lang.String">DATE</Value>
</Feature>
<Feature>
  <Name className="java.lang.String">value</Name>
  <Value className="java.lang.String">2011-05-17</Value>
</Feature>
<Feature>
  <Name className="java.lang.String">tid</Name>
  <Value className="java.lang.String">t59</Value>
</Feature>
</Annotation>
<Annotation Id="47" Type="TIMEX3" StartNode="7672" EndNode="7684">
<Feature>
  <Name className="java.lang.String">type</Name>
  <Value className="java.lang.String">DATE</Value>
</Feature>
<Feature>
  <Name className="java.lang.String">value</Name>
  <Value className="java.lang.String">2017-07-27</Value>
</Feature>
<Feature>
  <Name className="java.lang.String">tid</Name>
  <Value className="java.lang.String">t64</Value>
</Feature>
</Annotation>
</AnnotationSet>

<!-- Named annotation set -->

<AnnotationSet Name="TARSQI">
<Annotation Id="48" Type="TimeML" StartNode="0" EndNode="7746">
<Feature>
  <Name className="java.lang.String">xsi:noNamespaceSchemaLocation</Name>
  <Value className="java.lang.String">http://timeml.org/timeMLdocs/TimeML_1.2.1.xsd</Value>
</Feature>
<Feature>
  <Name className="java.lang.String">xmlns:xsi</Name>
  <Value className="java.lang.String">http://www.w3.org/2001/XMLSchema-instance</Value>
</Feature>
</Annotation>
<Annotation Id="49" Type="TIMEX3" StartNode="157" EndNode="168">
<Feature>
  <Name className="java.lang.String">type</Name>
  <Value className="java.lang.String">DATE</Value>
</Feature>
<Feature>
  <Name className="java.lang.String">value</Name>
  <Value className="java.lang.String">2017-07-04</Value>
</Feature>
<Feature>
  <Name className="java.lang.String">tid</Name>
  <Value className="java.lang.String">t1</Value>
</Feature>
</Annotation>
<Annotation Id="50" Type="TIMEX3" StartNode="362" EndNode="376">
<Feature>
  <Name className="java.lang.String">type</Name>
  <Value className="java.lang.String">DATE</Value>
</Feature>
<Feature>
  <Name className="java.lang.String">value</Name>
  <Value className="java.lang.String">2005-08-22</Value>
</Feature>
<Feature>
  <Name className="java.lang.String">tid</Name>
  <Value className="java.lang.String">t2</Value>
</Feature>
</Annotation>
<Annotation Id="51" Type="TIMEX3" StartNode="632" EndNode="636">
<Feature>
  <Name className="java.lang.String">type</Name>
  <Value className="java.lang.String">DATE</Value>
</Feature>
<Feature>
  <Name className="java.lang.String">value</Name>
  <Value className="java.lang.String">1978</Value>
</Feature>
<Feature>
  <Name className="java.lang.String">tid</Name>
  <Value className="java.lang.String">t3</Value>
</Feature>
</Annotation>
<Annotation Id="52" Type="TIMEX3" StartNode="679" EndNode="682">
<Feature>
  <Name className="java.lang.String">type</Name>
  <Value className="java.lang.String">DATE</Value>
</Feature>
<Feature>
  <Name className="java.lang.String">value</Name>
  <Value className="java.lang.String">PRESENT_REF</Value>
</Feature>
<Feature>
  <Name className="java.lang.String">tid</Name>
  <Value className="java.lang.String">t4</Value>
</Feature>
</Annotation>
<Annotation Id="53" Type="TIMEX3" StartNode="1234" EndNode="1250">
<Feature>
  <Name className="java.lang.String">type</Name>
  <Value className="java.lang.String">DATE</Value>
</Feature>
<Feature>
  <Name className="java.lang.String">value</Name>
  <Value className="java.lang.String">2004-11-24</Value>
</Feature>
<Feature>
  <Name className="java.lang.String">tid</Name>
  <Value className="java.lang.String">t5</Value>
</Feature>
</Annotation>
<Annotation Id="54" Type="TIMEX3" StartNode="1848" EndNode="1860">
<Feature>
  <Name className="java.lang.String">type</Name>
  <Value className="java.lang.String">DATE</Value>
</Feature>
<Feature>
  <Name className="java.lang.String">value</Name>
  <Value className="java.lang.String">2005-06-24</Value>
</Feature>
<Feature>
  <Name className="java.lang.String">tid</Name>
  <Value className="java.lang.String">t6</Value>
</Feature>
</Annotation>
<Annotation Id="55" Type="TIMEX3" StartNode="2026" EndNode="2042">
<Feature>
  <Name className="java.lang.String">type</Name>
  <Value className="java.lang.String">DATE</Value>
</Feature>
<Feature>
  <Name className="java.lang.String">value</Name>
  <Value className="java.lang.String">2010-11-17</Value>
</Feature>
<Feature>
  <Name className="java.lang.String">tid</Name>
  <Value className="java.lang.String">t7</Value>
</Feature>
</Annotation>
<Annotation Id="56" Type="TIMEX3" StartNode="2135" EndNode="2147">
<Feature>
  <Name className="java.lang.String">type</Name>
  <Value className="java.lang.String">DATE</Value>
</Feature>
<Feature>
  <Name className="java.lang.String">value</Name>
  <Value className="java.lang.String">2005-06-24</Value>
</Feature>
<Feature>
  <Name className="java.lang.String">tid</Name>
  <Value className="java.lang.String">t8</Value>
</Feature>
</Annotation>
<Annotation Id="57" Type="TIMEX3" StartNode="2370" EndNode="2385">
<Feature>
  <Name className="java.lang.String">type</Name>
  <Value className="java.lang.String">DATE</Value>
</Feature>
<Feature>
  <Name className="java.lang.String">value</Name>
  <Value className="java.lang.String">2011-10-13</Value>
</Feature>
<Feature>
  <Name className="java.lang.String">tid</Name>
  <Value className="java.lang.String">t9</Value>
</Feature>
</Annotation>
<Annotation Id="58" Type="TIMEX3" StartNode="2673" EndNode="2685">
<Feature>
  <Name className="java.lang.String">type</Name>
  <Value className="java.lang.String">DATE</Value>
</Feature>
<Feature>
  <Name className="java.lang.String">value</Name>
  <Value className="java.lang.String">2014-06-19</Value>
</Feature>
<Feature>
  <Name className="java.lang.String">tid</Name>
  <Value className="java.lang.String">t10</Value>
</Feature>
</Annotation>
<Annotation Id="59" Type="TIMEX3" StartNode="4783" EndNode="4795">
<Feature>
  <Name className="java.lang.String">type</Name>
  <Value className="java.lang.String">DATE</Value>
</Feature>
<Feature>
  <Name className="java.lang.String">value</Name>
  <Value className="java.lang.String">1996-06-25</Value>
</Feature>
<Feature>
  <Name className="java.lang.String">tid</Name>
  <Value className="java.lang.String">t11</Value>
</Feature>
</Annotation>
<Annotation Id="60" Type="TIMEX3" StartNode="5266" EndNode="5281">
<Feature>
  <Name className="java.lang.String">type</Name>
  <Value className="java.lang.String">DATE</Value>
</Feature>
<Feature>
  <Name className="java.lang.String">value</Name>
  <Value className="java.lang.String">2010-11-02</Value>
</Feature>
<Feature>
  <Name className="java.lang.String">tid</Name>
  <Value className="java.lang.String">t12</Value>
</Feature>
</Annotation>
<Annotation Id="61" Type="TIMEX3" StartNode="5307" EndNode="5310">
<Feature>
  <Name className="java.lang.String">type</Name>
  <Value className="java.lang.String">DATE</Value>
</Feature>
<Feature>
  <Name className="java.lang.String">value</Name>
  <Value className="java.lang.String"></Value>
</Feature>
<Feature>
  <Name className="java.lang.String">tid</Name>
  <Value className="java.lang.String">t13</Value>
</Feature>
</Annotation>
<Annotation Id="62" Type="TIMEX3" StartNode="5328" EndNode="5339">
<Feature>
  <Name className="java.lang.String">type</Name>
  <Value className="java.lang.String">DATE</Value>
</Feature>
<Feature>
  <Name className="java.lang.String">value</Name>
  <Value className="java.lang.String">2011-05-17</Value>
</Feature>
<Feature>
  <Name className="java.lang.String">tid</Name>
  <Value className="java.lang.String">t14</Value>
</Feature>
</Annotation>
<Annotation Id="63" Type="TIMEX3" StartNode="7672" EndNode="7684">
<Feature>
  <Name className="java.lang.String">type</Name>
  <Value className="java.lang.String">DATE</Value>
</Feature>
<Feature>
  <Name className="java.lang.String">value</Name>
  <Value className="java.lang.String">2017-07-27</Value>
</Feature>
<Feature>
  <Name className="java.lang.String">tid</Name>
  <Value className="java.lang.String">t15</Value>
</Feature>
</Annotation>
</AnnotationSet>

<!-- Named annotation set -->

<AnnotationSet Name="SUTIME">
<Annotation Id="32" Type="TIMEX3" StartNode="4783" EndNode="4795">
<Feature>
  <Name className="java.lang.String">type</Name>
  <Value className="java.lang.String">DATE</Value>
</Feature>
<Feature>
  <Name className="java.lang.String">value</Name>
  <Value className="java.lang.String">1996-06-25</Value>
</Feature>
<Feature>
  <Name className="java.lang.String">tid</Name>
  <Value className="java.lang.String">t12</Value>
</Feature>
</Annotation>
<Annotation Id="14" Type="TIMEX3" StartNode="5266" EndNode="5281">
<Feature>
  <Name className="java.lang.String">type</Name>
  <Value className="java.lang.String">DATE</Value>
</Feature>
<Feature>
  <Name className="java.lang.String">value</Name>
  <Value className="java.lang.String">2010-11-02</Value>
</Feature>
<Feature>
  <Name className="java.lang.String">tid</Name>
  <Value className="java.lang.String">t13</Value>
</Feature>
</Annotation>
<Annotation Id="15" Type="TIMEX3" StartNode="5307" EndNode="5311">
<Feature>
  <Name className="java.lang.String">type</Name>
  <Value className="java.lang.String">DATE</Value>
</Feature>
<Feature>
  <Name className="java.lang.String">value</Name>
  <Value className="java.lang.String">2017-12</Value>
</Feature>
<Feature>
  <Name className="java.lang.String">tid</Name>
  <Value className="java.lang.String">t14</Value>
</Feature>
</Annotation>
<Annotation Id="16" Type="TIMEX3" StartNode="5328" EndNode="5339">
<Feature>
  <Name className="java.lang.String">type</Name>
  <Value className="java.lang.String">DATE</Value>
</Feature>
<Feature>
  <Name className="java.lang.String">value</Name>
  <Value className="java.lang.String">2011-05-17</Value>
</Feature>
<Feature>
  <Name className="java.lang.String">tid</Name>
  <Value className="java.lang.String">t15</Value>
</Feature>
</Annotation>
<Annotation Id="17" Type="TIMEX3" StartNode="5354" EndNode="5361">
<Feature>
  <Name className="java.lang.String">type</Name>
  <Value className="java.lang.String">DATE</Value>
</Feature>
<Feature>
  <Name className="java.lang.String">value</Name>
  <Value className="java.lang.String">PRESENT_REF</Value>
</Feature>
<Feature>
  <Name className="java.lang.String">tid</Name>
  <Value className="java.lang.String">t16</Value>
</Feature>
</Annotation>
<Annotation Id="18" Type="TIMEX3" StartNode="5681" EndNode="5688">
<Feature>
  <Name className="java.lang.String">type</Name>
  <Value className="java.lang.String">DATE</Value>
</Feature>
<Feature>
  <Name className="java.lang.String">value</Name>
  <Value className="java.lang.String">PRESENT_REF</Value>
</Feature>
<Feature>
  <Name className="java.lang.String">tid</Name>
  <Value className="java.lang.String">t17</Value>
</Feature>
</Annotation>
<Annotation Id="19" Type="TIMEX3" StartNode="7672" EndNode="7684">
<Feature>
  <Name className="java.lang.String">type</Name>
  <Value className="java.lang.String">DATE</Value>
</Feature>
<Feature>
  <Name className="java.lang.String">value</Name>
  <Value className="java.lang.String">2017-07-27</Value>
</Feature>
<Feature>
  <Name className="java.lang.String">tid</Name>
  <Value className="java.lang.String">t18</Value>
</Feature>
</Annotation>
<Annotation Id="20" Type="TimeML" StartNode="0" EndNode="7746">
<Feature>
  <Name className="java.lang.String">xsi:noNamespaceSchemaLocation</Name>
  <Value className="java.lang.String">http://timeml.org/timeMLdocs/TimeML_1.2.1.xsd</Value>
</Feature>
<Feature>
  <Name className="java.lang.String">xmlns:xsi</Name>
  <Value className="java.lang.String">http://www.w3.org/2001/XMLSchema-instance</Value>
</Feature>
</Annotation>
<Annotation Id="21" Type="TIMEX3" StartNode="157" EndNode="168">
<Feature>
  <Name className="java.lang.String">type</Name>
  <Value className="java.lang.String">DATE</Value>
</Feature>
<Feature>
  <Name className="java.lang.String">value</Name>
  <Value className="java.lang.String">2017-07-04</Value>
</Feature>
<Feature>
  <Name className="java.lang.String">tid</Name>
  <Value className="java.lang.String">t1</Value>
</Feature>
</Annotation>
<Annotation Id="22" Type="TIMEX3" StartNode="362" EndNode="376">
<Feature>
  <Name className="java.lang.String">type</Name>
  <Value className="java.lang.String">DATE</Value>
</Feature>
<Feature>
  <Name className="java.lang.String">value</Name>
  <Value className="java.lang.String">2005-08-22</Value>
</Feature>
<Feature>
  <Name className="java.lang.String">tid</Name>
  <Value className="java.lang.String">t2</Value>
</Feature>
</Annotation>
<Annotation Id="23" Type="TIMEX3" StartNode="632" EndNode="636">
<Feature>
  <Name className="java.lang.String">type</Name>
  <Value className="java.lang.String">DATE</Value>
</Feature>
<Feature>
  <Name className="java.lang.String">value</Name>
  <Value className="java.lang.String">1978</Value>
</Feature>
<Feature>
  <Name className="java.lang.String">tid</Name>
  <Value className="java.lang.String">t3</Value>
</Feature>
</Annotation>
<Annotation Id="24" Type="TIMEX3" StartNode="679" EndNode="682">
<Feature>
  <Name className="java.lang.String">type</Name>
  <Value className="java.lang.String">DATE</Value>
</Feature>
<Feature>
  <Name className="java.lang.String">value</Name>
  <Value className="java.lang.String">PRESENT_REF</Value>
</Feature>
<Feature>
  <Name className="java.lang.String">tid</Name>
  <Value className="java.lang.String">t4</Value>
</Feature>
</Annotation>
<Annotation Id="25" Type="TIMEX3" StartNode="1234" EndNode="1250">
<Feature>
  <Name className="java.lang.String">type</Name>
  <Value className="java.lang.String">DATE</Value>
</Feature>
<Feature>
  <Name className="java.lang.String">value</Name>
  <Value className="java.lang.String">2004-11-24</Value>
</Feature>
<Feature>
  <Name className="java.lang.String">tid</Name>
  <Value className="java.lang.String">t5</Value>
</Feature>
</Annotation>
<Annotation Id="26" Type="TIMEX3" StartNode="1848" EndNode="1860">
<Feature>
  <Name className="java.lang.String">type</Name>
  <Value className="java.lang.String">DATE</Value>
</Feature>
<Feature>
  <Name className="java.lang.String">value</Name>
  <Value className="java.lang.String">2005-06-24</Value>
</Feature>
<Feature>
  <Name className="java.lang.String">tid</Name>
  <Value className="java.lang.String">t6</Value>
</Feature>
</Annotation>
<Annotation Id="27" Type="TIMEX3" StartNode="2026" EndNode="2042">
<Feature>
  <Name className="java.lang.String">type</Name>
  <Value className="java.lang.String">DATE</Value>
</Feature>
<Feature>
  <Name className="java.lang.String">value</Name>
  <Value className="java.lang.String">2010-11-17</Value>
</Feature>
<Feature>
  <Name className="java.lang.String">tid</Name>
  <Value className="java.lang.String">t7</Value>
</Feature>
</Annotation>
<Annotation Id="28" Type="TIMEX3" StartNode="2135" EndNode="2147">
<Feature>
  <Name className="java.lang.String">type</Name>
  <Value className="java.lang.String">DATE</Value>
</Feature>
<Feature>
  <Name className="java.lang.String">value</Name>
  <Value className="java.lang.String">2005-06-24</Value>
</Feature>
<Feature>
  <Name className="java.lang.String">tid</Name>
  <Value className="java.lang.String">t8</Value>
</Feature>
</Annotation>
<Annotation Id="29" Type="TIMEX3" StartNode="2370" EndNode="2385">
<Feature>
  <Name className="java.lang.String">type</Name>
  <Value className="java.lang.String">DATE</Value>
</Feature>
<Feature>
  <Name className="java.lang.String">value</Name>
  <Value className="java.lang.String">2011-10-13</Value>
</Feature>
<Feature>
  <Name className="java.lang.String">tid</Name>
  <Value className="java.lang.String">t9</Value>
</Feature>
</Annotation>
<Annotation Id="30" Type="TIMEX3" StartNode="2474" EndNode="2481">
<Feature>
  <Name className="java.lang.String">type</Name>
  <Value className="java.lang.String">DATE</Value>
</Feature>
<Feature>
  <Name className="java.lang.String">value</Name>
  <Value className="java.lang.String">PRESENT_REF</Value>
</Feature>
<Feature>
  <Name className="java.lang.String">tid</Name>
  <Value className="java.lang.String">t10</Value>
</Feature>
</Annotation>
<Annotation Id="31" Type="TIMEX3" StartNode="2673" EndNode="2685">
<Feature>
  <Name className="java.lang.String">type</Name>
  <Value className="java.lang.String">DATE</Value>
</Feature>
<Feature>
  <Name className="java.lang.String">value</Name>
  <Value className="java.lang.String">2014-06-19</Value>
</Feature>
<Feature>
  <Name className="java.lang.String">tid</Name>
  <Value className="java.lang.String">t11</Value>
</Feature>
</Annotation>
</AnnotationSet>

<!-- Named annotation set -->

<AnnotationSet Name="CLEARTK">
<Annotation Id="96" Type="TIMEX3" StartNode="1851" EndNode="1860">
<Feature>
  <Name className="java.lang.String">type</Name>
  <Value className="java.lang.String">DATE</Value>
</Feature>
<Feature>
  <Name className="java.lang.String">tid</Name>
  <Value className="java.lang.String">t6</Value>
</Feature>
</Annotation>
<Annotation Id="97" Type="TIMEX3" StartNode="2029" EndNode="2042">
<Feature>
  <Name className="java.lang.String">type</Name>
  <Value className="java.lang.String">DATE</Value>
</Feature>
<Feature>
  <Name className="java.lang.String">tid</Name>
  <Value className="java.lang.String">t7</Value>
</Feature>
</Annotation>
<Annotation Id="98" Type="TIMEX3" StartNode="2138" EndNode="2147">
<Feature>
  <Name className="java.lang.String">type</Name>
  <Value className="java.lang.String">DATE</Value>
</Feature>
<Feature>
  <Name className="java.lang.String">tid</Name>
  <Value className="java.lang.String">t8</Value>
</Feature>
</Annotation>
<Annotation Id="99" Type="TIMEX3" StartNode="2373" EndNode="2385">
<Feature>
  <Name className="java.lang.String">type</Name>
  <Value className="java.lang.String">DATE</Value>
</Feature>
<Feature>
  <Name className="java.lang.String">tid</Name>
  <Value className="java.lang.String">t9</Value>
</Feature>
</Annotation>
<Annotation Id="100" Type="TIMEX3" StartNode="2676" EndNode="2685">
<Feature>
  <Name className="java.lang.String">type</Name>
  <Value className="java.lang.String">DATE</Value>
</Feature>
<Feature>
  <Name className="java.lang.String">tid</Name>
  <Value className="java.lang.String">t10</Value>
</Feature>
</Annotation>
<Annotation Id="101" Type="TIMEX3" StartNode="4786" EndNode="4795">
<Feature>
  <Name className="java.lang.String">type</Name>
  <Value className="java.lang.String">DATE</Value>
</Feature>
<Feature>
  <Name className="java.lang.String">tid</Name>
  <Value className="java.lang.String">t11</Value>
</Feature>
</Annotation>
<Annotation Id="102" Type="TIMEX3" StartNode="5268" EndNode="5281">
<Feature>
  <Name className="java.lang.String">type</Name>
  <Value className="java.lang.String">DATE</Value>
</Feature>
<Feature>
  <Name className="java.lang.String">tid</Name>
  <Value className="java.lang.String">t12</Value>
</Feature>
</Annotation>
<Annotation Id="103" Type="TIMEX3" StartNode="5331" EndNode="5339">
<Feature>
  <Name className="java.lang.String">type</Name>
  <Value className="java.lang.String">DATE</Value>
</Feature>
<Feature>
  <Name className="java.lang.String">tid</Name>
  <Value className="java.lang.String">t13</Value>
</Feature>
</Annotation>
<Annotation Id="104" Type="TIMEX3" StartNode="6989" EndNode="6993">
<Feature>
  <Name className="java.lang.String">type</Name>
  <Value className="java.lang.String">DATE</Value>
</Feature>
<Feature>
  <Name className="java.lang.String">tid</Name>
  <Value className="java.lang.String">t14</Value>
</Feature>
</Annotation>
<Annotation Id="105" Type="TIMEX3" StartNode="7675" EndNode="7684">
<Feature>
  <Name className="java.lang.String">type</Name>
  <Value className="java.lang.String">DATE</Value>
</Feature>
<Feature>
  <Name className="java.lang.String">tid</Name>
  <Value className="java.lang.String">t15</Value>
</Feature>
</Annotation>
<Annotation Id="90" Type="TimeML" StartNode="0" EndNode="7746">
<Feature>
  <Name className="java.lang.String">xsi:noNamespaceSchemaLocation</Name>
  <Value className="java.lang.String">http://timeml.org/timeMLdocs/TimeML_1.2.1.xsd</Value>
</Feature>
<Feature>
  <Name className="java.lang.String">xmlns:xsi</Name>
  <Value className="java.lang.String">http://www.w3.org/2001/XMLSchema-instance</Value>
</Feature>
</Annotation>
<Annotation Id="91" Type="TIMEX3" StartNode="159" EndNode="168">
<Feature>
  <Name className="java.lang.String">type</Name>
  <Value className="java.lang.String">DATE</Value>
</Feature>
<Feature>
  <Name className="java.lang.String">tid</Name>
  <Value className="java.lang.String">t1</Value>
</Feature>
</Annotation>
<Annotation Id="92" Type="TIMEX3" StartNode="365" EndNode="376">
<Feature>
  <Name className="java.lang.String">type</Name>
  <Value className="java.lang.String">DATE</Value>
</Feature>
<Feature>
  <Name className="java.lang.String">tid</Name>
  <Value className="java.lang.String">t2</Value>
</Feature>
</Annotation>
<Annotation Id="93" Type="TIMEX3" StartNode="632" EndNode="636">
<Feature>
  <Name className="java.lang.String">type</Name>
  <Value className="java.lang.String">DATE</Value>
</Feature>
<Feature>
  <Name className="java.lang.String">tid</Name>
  <Value className="java.lang.String">t3</Value>
</Feature>
</Annotation>
<Annotation Id="94" Type="TIMEX3" StartNode="679" EndNode="682">
<Feature>
  <Name className="java.lang.String">type</Name>
  <Value className="java.lang.String">DATE</Value>
</Feature>
<Feature>
  <Name className="java.lang.String">tid</Name>
  <Value className="java.lang.String">t4</Value>
</Feature>
</Annotation>
<Annotation Id="95" Type="TIMEX3" StartNode="1237" EndNode="1250">
<Feature>
  <Name className="java.lang.String">type</Name>
  <Value className="java.lang.String">DATE</Value>
</Feature>
<Feature>
  <Name className="java.lang.String">tid</Name>
  <Value className="java.lang.String">t5</Value>
</Feature>
</Annotation>
</AnnotationSet>

<!-- Named annotation set -->

<AnnotationSet Name="TERNIP">
<Annotation Id="160" Type="TIMEX3" StartNode="679" EndNode="682">
<Feature>
  <Name className="java.lang.String">type</Name>
  <Value className="java.lang.String">DATE</Value>
</Feature>
<Feature>
  <Name className="java.lang.String">value</Name>
  <Value className="java.lang.String">PRESENT_REF</Value>
</Feature>
<Feature>
  <Name className="java.lang.String">tid</Name>
  <Value className="java.lang.String">t15</Value>
</Feature>
</Annotation>
<Annotation Id="161" Type="TIMEX3" StartNode="1234" EndNode="1250">
<Feature>
  <Name className="java.lang.String">type</Name>
  <Value className="java.lang.String">DATE</Value>
</Feature>
<Feature>
  <Name className="java.lang.String">value</Name>
  <Value className="java.lang.String">2004-11-24</Value>
</Feature>
<Feature>
  <Name className="java.lang.String">tid</Name>
  <Value className="java.lang.String">t7</Value>
</Feature>
</Annotation>
<Annotation Id="162" Type="TIMEX3" StartNode="1848" EndNode="1860">
<Feature>
  <Name className="java.lang.String">type</Name>
  <Value className="java.lang.String">DATE</Value>
</Feature>
<Feature>
  <Name className="java.lang.String">value</Name>
  <Value className="java.lang.String">2005-06-24</Value>
</Feature>
<Feature>
  <Name className="java.lang.String">tid</Name>
  <Value className="java.lang.String">t5</Value>
</Feature>
</Annotation>
<Annotation Id="163" Type="TIMEX3" StartNode="2026" EndNode="2042">
<Feature>
  <Name className="java.lang.String">type</Name>
  <Value className="java.lang.String">DATE</Value>
</Feature>
<Feature>
  <Name className="java.lang.String">value</Name>
  <Value className="java.lang.String">2010-11-17</Value>
</Feature>
<Feature>
  <Name className="java.lang.String">tid</Name>
  <Value className="java.lang.String">t8</Value>
</Feature>
</Annotation>
<Annotation Id="164" Type="TIMEX3" StartNode="2135" EndNode="2147">
<Feature>
  <Name className="java.lang.String">type</Name>
  <Value className="java.lang.String">DATE</Value>
</Feature>
<Feature>
  <Name className="java.lang.String">value</Name>
  <Value className="java.lang.String">2005-06-24</Value>
</Feature>
<Feature>
  <Name className="java.lang.String">tid</Name>
  <Value className="java.lang.String">t9</Value>
</Feature>
</Annotation>
<Annotation Id="165" Type="TIMEX3" StartNode="2370" EndNode="2385">
<Feature>
  <Name className="java.lang.String">type</Name>
  <Value className="java.lang.String">DATE</Value>
</Feature>
<Feature>
  <Name className="java.lang.String">value</Name>
  <Value className="java.lang.String">2011-10-13</Value>
</Feature>
<Feature>
  <Name className="java.lang.String">tid</Name>
  <Value className="java.lang.String">t1</Value>
</Feature>
</Annotation>
<Annotation Id="166" Type="TIMEX3" StartNode="2673" EndNode="2685">
<Feature>
  <Name className="java.lang.String">type</Name>
  <Value className="java.lang.String">DATE</Value>
</Feature>
<Feature>
  <Name className="java.lang.String">value</Name>
  <Value className="java.lang.String">2014-06-19</Value>
</Feature>
<Feature>
  <Name className="java.lang.String">tid</Name>
  <Value className="java.lang.String">t14</Value>
</Feature>
</Annotation>
<Annotation Id="167" Type="TIMEX3" StartNode="4783" EndNode="4795">
<Feature>
  <Name className="java.lang.String">type</Name>
  <Value className="java.lang.String">DATE</Value>
</Feature>
<Feature>
  <Name className="java.lang.String">value</Name>
  <Value className="java.lang.String">1996-06-25</Value>
</Feature>
<Feature>
  <Name className="java.lang.String">tid</Name>
  <Value className="java.lang.String">t4</Value>
</Feature>
</Annotation>
<Annotation Id="168" Type="TIMEX3" StartNode="5266" EndNode="5281">
<Feature>
  <Name className="java.lang.String">type</Name>
  <Value className="java.lang.String">DATE</Value>
</Feature>
<Feature>
  <Name className="java.lang.String">value</Name>
  <Value className="java.lang.String">2010-11-02</Value>
</Feature>
<Feature>
  <Name className="java.lang.String">tid</Name>
  <Value className="java.lang.String">t6</Value>
</Feature>
</Annotation>
<Annotation Id="169" Type="TIMEX3" StartNode="5307" EndNode="5312">
<Feature>
  <Name className="java.lang.String">type</Name>
  <Value className="java.lang.String">DATE</Value>
</Feature>
<Feature>
  <Name className="java.lang.String">tid</Name>
  <Value className="java.lang.String">t11</Value>
</Feature>
</Annotation>
<Annotation Id="170" Type="TIMEX3" StartNode="5328" EndNode="5339">
<Feature>
  <Name className="java.lang.String">type</Name>
  <Value className="java.lang.String">DATE</Value>
</Feature>
<Feature>
  <Name className="java.lang.String">value</Name>
  <Value className="java.lang.String">2011-05-17</Value>
</Feature>
<Feature>
  <Name className="java.lang.String">tid</Name>
  <Value className="java.lang.String">t10</Value>
</Feature>
</Annotation>
<Annotation Id="171" Type="TIMEX3" StartNode="7672" EndNode="7684">
<Feature>
  <Name className="java.lang.String">type</Name>
  <Value className="java.lang.String">DATE</Value>
</Feature>
<Feature>
  <Name className="java.lang.String">value</Name>
  <Value className="java.lang.String">2017-07-27</Value>
</Feature>
<Feature>
  <Name className="java.lang.String">tid</Name>
  <Value className="java.lang.String">t3</Value>
</Feature>
</Annotation>
<Annotation Id="156" Type="TimeML" StartNode="0" EndNode="7746">
<Feature>
  <Name className="java.lang.String">xsi:noNamespaceSchemaLocation</Name>
  <Value className="java.lang.String">http://timeml.org/timeMLdocs/TimeML_1.2.1.xsd</Value>
</Feature>
<Feature>
  <Name className="java.lang.String">xmlns:xsi</Name>
  <Value className="java.lang.String">http://www.w3.org/2001/XMLSchema-instance</Value>
</Feature>
</Annotation>
<Annotation Id="157" Type="TIMEX3" StartNode="157" EndNode="168">
<Feature>
  <Name className="java.lang.String">type</Name>
  <Value className="java.lang.String">DATE</Value>
</Feature>
<Feature>
  <Name className="java.lang.String">value</Name>
  <Value className="java.lang.String">20170-7-04</Value>
</Feature>
<Feature>
  <Name className="java.lang.String">tid</Name>
  <Value className="java.lang.String">t13</Value>
</Feature>
</Annotation>
<Annotation Id="158" Type="TIMEX3" StartNode="362" EndNode="376">
<Feature>
  <Name className="java.lang.String">type</Name>
  <Value className="java.lang.String">DATE</Value>
</Feature>
<Feature>
  <Name className="java.lang.String">value</Name>
  <Value className="java.lang.String">2005-08-22</Value>
</Feature>
<Feature>
  <Name className="java.lang.String">tid</Name>
  <Value className="java.lang.String">t12</Value>
</Feature>
</Annotation>
<Annotation Id="159" Type="TIMEX3" StartNode="632" EndNode="636">
<Feature>
  <Name className="java.lang.String">type</Name>
  <Value className="java.lang.String">DATE</Value>
</Feature>
<Feature>
  <Name className="java.lang.String">value</Name>
  <Value className="java.lang.String">1978</Value>
</Feature>
<Feature>
  <Name className="java.lang.String">tid</Name>
  <Value className="java.lang.String">t2</Value>
</Feature>
</Annotation>
</AnnotationSet>

</GateDocument>
