<?xml version='1.0' encoding='UTF-8'?>
<GateDocument version="3">
<!-- The document's features-->

<GateDocumentFeatures>
<Feature>
  <Name className="java.lang.String">gate.SourceURL</Name>
  <Value className="java.lang.String">file:/D:/CODE/TempCourt/TempCourt_annotatedcorpus/ECHR/ButuzovRussia.xml</Value>
</Feature>
<Feature>
  <Name className="java.lang.String">MimeType</Name>
  <Value className="java.lang.String">text/xml</Value>
</Feature>
</GateDocumentFeatures>
<!-- The document content area with serialized nodes -->

<TextWithNodes><Node id="0"/>

THIRD SECTION
DECISION
Application no. 10217/04
Nikolay Alekseyevich BUTUZOV
against Russia
The European Court of Human Rights (Third Section), sitting on <Node id="157"/>4 <Node id="159"/>July 2017<Node id="168"/> as a Committee composed of:
	Branko Lubarda, President,
	Pere Pastor Vilanova,
	Georgios A. Serghides, judges,
and Fatos Arac, Deputy Section Registrar,
Having regard to the above application lodged on <Node id="371"/>30 <Node id="374"/>January 2004<Node id="386"/>,
Having deliberated, decides as follows:
FACTS AND PROCEDURE
The applicant, Mr Nikolay Alekseyevich Butuzov, is a Russian national, who was born in <Node id="535"/>1974<Node id="539"/> and lived in Moscow before his arrest. He was represented before the Court by Mrs Y.L. Liptser, a lawyer practising in Moscow.
The Russian Government ("the Government") were represented initially by Mr G. Matyushkin, the Representative of the Russian Federation to the European Court of Human Rights, and then by his successor in that office, Mr M. Galperin.
The applicant complained under Article 6  1 of the Convention that he had been incited to sell drugs by a police agent, that he had not been able to examine attesting witnesses, that he had not been given opportunity to examine the material evidence produced by the prosecution and that the length of the criminal proceedings against him was unreasonable.
On <Node id="1258"/>5 December 2008<Node id="1273"/> the applicants complaints were communicated to the Russian Government (the Government). On <Node id="1365"/>31 March<Node id="1373"/> and <Node id="1378"/>13 July 2009<Node id="1390"/>, respectively, the Government and the applicant submitted their observations to the Court.
On <Node id="1485"/>20 April 2017<Node id="1498"/> the applicants lawyer was requested to submit a copy of the judgment issued by the Taganskiy District Court of Moscow on <Node id="1620"/>23 <Node id="1623"/>June 2003<Node id="1632"/> in the applicants case. She was also requested to inform the Court whether the applicant maintained contact with her and if not, when the last time was when he had been in contact with her and whether he informed her of his new place of residence. By the same letter the applicants lawyer was notified that if she does not provide the information requested from her, the Court may conclude that the applicant is no longer interested in pursuing the application and decide to strike it out of its list of cases.
On <Node id="2147"/>18 <Node id="2150"/>May 2017<Node id="2158"/> the applicants lawyer replied that it was not possible to provide the Court with a copy of the judgment because it had been destroyed in the courthouse fire. She submitted a letter from the Taganskiy District Court of Moscow to that effect. She provided no information concerning her contact with the applicant or his whereabouts.
THE LAW
The Court reiterates that an applicants representative must not only supply a power of attorney or written authority (Rule 45  3 of the Rules of Court) but that it is also important that contact between the applicant and his or her representative be maintained throughout the proceedings. Such contact is essential both in order to learn more about the applicants particular situation and to confirm the applicants continuing interest in pursuing the examination of his or her application (see V.M. and Others v. Belgium [GC], no. <Node id="3029"/>60125/11,  35, <Node id="3044"/>17 <Node id="3047"/>November 2016<Node id="3060"/>). Furthermore, in the same case the Court held that whilst it was true that the applicants representative has power to represent them throughout the entire proceedings before the Court, that power did not by itself justify pursuing the examination of the case (ibid.,  37).
In the <Node id="3342"/>present<Node id="3349"/> case the Court observes that according to the case material, the last time the applicant and his lawyer were presumably in contact was about in <Node id="3494"/>July 2009<Node id="3503"/> when the lawyer submitted observations and just satisfaction claims on his behalf. The Court further observes that it follows from the case file, that the applicant should have been released in <Node id="3698"/>2011<Node id="3702"/>. However, <Node id="3713"/>up to <Node id="3719"/>the <Node id="3723"/>present<Node id="3730"/> date<Node id="3735"/>, no information about his release, if any, his new place of residence and/or any relevant information, including about his <Node id="3859"/>last contact<Node id="3871"/> with his lawyer, has been provided to the Court by either the applicant or the lawyer.
The Court therefore, can conclude that the applicant did not maintain contact with his lawyer and failed to keep her informed of his place of residence or to provide her with means of contacting him. Accordingly, it finds that the applicant has lost interest in the proceedings and no longer intends to pursue the application, within the meaning of Article 37  1 (a) of the Convention. Furthermore, in accordance with Article 37  1 the Court finds no special circumstances regarding respect for human rights as defined in the Convention and its Protocols which require the continued examination of the case.
In view of the above, it is appropriate to strike the case out of the list.
For these reasons, the Court, unanimously,
Decides to strike the application out of its list of cases.

Done in English and notified in writing on <Node id="4790"/>27 <Node id="4793"/>July 2017<Node id="4802"/>.
	Fatos Arac	Branko Lubarda
	Deputy Registrar	President



<Node id="4862"/></TextWithNodes>
<!-- The default annotation set -->

<AnnotationSet>
</AnnotationSet>

<!-- Named annotation set -->

<AnnotationSet Name="TIPSEM">
<Annotation Id="96" Type="TIMEX3" StartNode="3029" EndNode="3060">
<Feature>
  <Name className="java.lang.String">type</Name>
  <Value className="java.lang.String">DATE</Value>
</Feature>
<Feature>
  <Name className="java.lang.String">value</Name>
  <Value className="java.lang.String">FUTURE_REF</Value>
</Feature>
<Feature>
  <Name className="java.lang.String">tid</Name>
  <Value className="java.lang.String">t9</Value>
</Feature>
</Annotation>
<Annotation Id="97" Type="TIMEX3" StartNode="3494" EndNode="3503">
<Feature>
  <Name className="java.lang.String">type</Name>
  <Value className="java.lang.String">DATE</Value>
</Feature>
<Feature>
  <Name className="java.lang.String">value</Name>
  <Value className="java.lang.String">2009-07</Value>
</Feature>
<Feature>
  <Name className="java.lang.String">tid</Name>
  <Value className="java.lang.String">t10</Value>
</Feature>
</Annotation>
<Annotation Id="98" Type="TIMEX3" StartNode="3698" EndNode="3702">
<Feature>
  <Name className="java.lang.String">type</Name>
  <Value className="java.lang.String">DATE</Value>
</Feature>
<Feature>
  <Name className="java.lang.String">value</Name>
  <Value className="java.lang.String">2011</Value>
</Feature>
<Feature>
  <Name className="java.lang.String">tid</Name>
  <Value className="java.lang.String">t11</Value>
</Feature>
</Annotation>
<Annotation Id="99" Type="TIMEX3" StartNode="3859" EndNode="3871">
<Feature>
  <Name className="java.lang.String">type</Name>
  <Value className="java.lang.String">DATE</Value>
</Feature>
<Feature>
  <Name className="java.lang.String">value</Name>
  <Value className="java.lang.String">FUTURE_REF</Value>
</Feature>
<Feature>
  <Name className="java.lang.String">tid</Name>
  <Value className="java.lang.String">t12</Value>
</Feature>
</Annotation>
<Annotation Id="100" Type="TIMEX3" StartNode="4790" EndNode="4802">
<Feature>
  <Name className="java.lang.String">type</Name>
  <Value className="java.lang.String">DATE</Value>
</Feature>
<Feature>
  <Name className="java.lang.String">value</Name>
  <Value className="java.lang.String">2017-07-27</Value>
</Feature>
<Feature>
  <Name className="java.lang.String">tid</Name>
  <Value className="java.lang.String">t13</Value>
</Feature>
</Annotation>
<Annotation Id="87" Type="TimeML" StartNode="0" EndNode="4862">
<Feature>
  <Name className="java.lang.String">xsi:noNamespaceSchemaLocation</Name>
  <Value className="java.lang.String">http://timeml.org/timeMLdocs/TimeML_1.2.1.xsd</Value>
</Feature>
<Feature>
  <Name className="java.lang.String">xmlns:xsi</Name>
  <Value className="java.lang.String">http://www.w3.org/2001/XMLSchema-instance</Value>
</Feature>
</Annotation>
<Annotation Id="88" Type="TIMEX3" StartNode="157" EndNode="168">
<Feature>
  <Name className="java.lang.String">type</Name>
  <Value className="java.lang.String">DATE</Value>
</Feature>
<Feature>
  <Name className="java.lang.String">value</Name>
  <Value className="java.lang.String">2017-07-04</Value>
</Feature>
<Feature>
  <Name className="java.lang.String">tid</Name>
  <Value className="java.lang.String">t1</Value>
</Feature>
</Annotation>
<Annotation Id="89" Type="TIMEX3" StartNode="371" EndNode="386">
<Feature>
  <Name className="java.lang.String">type</Name>
  <Value className="java.lang.String">DATE</Value>
</Feature>
<Feature>
  <Name className="java.lang.String">value</Name>
  <Value className="java.lang.String">2004-01-30</Value>
</Feature>
<Feature>
  <Name className="java.lang.String">tid</Name>
  <Value className="java.lang.String">t2</Value>
</Feature>
</Annotation>
<Annotation Id="90" Type="TIMEX3" StartNode="535" EndNode="539">
<Feature>
  <Name className="java.lang.String">type</Name>
  <Value className="java.lang.String">DATE</Value>
</Feature>
<Feature>
  <Name className="java.lang.String">value</Name>
  <Value className="java.lang.String">1974</Value>
</Feature>
<Feature>
  <Name className="java.lang.String">tid</Name>
  <Value className="java.lang.String">t3</Value>
</Feature>
</Annotation>
<Annotation Id="91" Type="TIMEX3" StartNode="1258" EndNode="1273">
<Feature>
  <Name className="java.lang.String">type</Name>
  <Value className="java.lang.String">DATE</Value>
</Feature>
<Feature>
  <Name className="java.lang.String">value</Name>
  <Value className="java.lang.String">2008-12-05</Value>
</Feature>
<Feature>
  <Name className="java.lang.String">tid</Name>
  <Value className="java.lang.String">t4</Value>
</Feature>
</Annotation>
<Annotation Id="92" Type="TIMEX3" StartNode="1365" EndNode="1390">
<Feature>
  <Name className="java.lang.String">type</Name>
  <Value className="java.lang.String">DATE</Value>
</Feature>
<Feature>
  <Name className="java.lang.String">value</Name>
  <Value className="java.lang.String">FUTURE_REF</Value>
</Feature>
<Feature>
  <Name className="java.lang.String">tid</Name>
  <Value className="java.lang.String">t5</Value>
</Feature>
</Annotation>
<Annotation Id="93" Type="TIMEX3" StartNode="1485" EndNode="1498">
<Feature>
  <Name className="java.lang.String">type</Name>
  <Value className="java.lang.String">DATE</Value>
</Feature>
<Feature>
  <Name className="java.lang.String">value</Name>
  <Value className="java.lang.String">2017-04-20</Value>
</Feature>
<Feature>
  <Name className="java.lang.String">tid</Name>
  <Value className="java.lang.String">t6</Value>
</Feature>
</Annotation>
<Annotation Id="94" Type="TIMEX3" StartNode="1620" EndNode="1632">
<Feature>
  <Name className="java.lang.String">type</Name>
  <Value className="java.lang.String">DATE</Value>
</Feature>
<Feature>
  <Name className="java.lang.String">value</Name>
  <Value className="java.lang.String">2003-06-23</Value>
</Feature>
<Feature>
  <Name className="java.lang.String">tid</Name>
  <Value className="java.lang.String">t7</Value>
</Feature>
</Annotation>
<Annotation Id="95" Type="TIMEX3" StartNode="2147" EndNode="2158">
<Feature>
  <Name className="java.lang.String">type</Name>
  <Value className="java.lang.String">DATE</Value>
</Feature>
<Feature>
  <Name className="java.lang.String">value</Name>
  <Value className="java.lang.String">2017-05-18</Value>
</Feature>
<Feature>
  <Name className="java.lang.String">tid</Name>
  <Value className="java.lang.String">t8</Value>
</Feature>
</Annotation>
</AnnotationSet>

<!-- Named annotation set -->

<AnnotationSet Name="USFD2">
<Annotation Id="59" Type="TimeML" StartNode="0" EndNode="4862">
<Feature>
  <Name className="java.lang.String">xsi:noNamespaceSchemaLocation</Name>
  <Value className="java.lang.String">http://timeml.org/timeMLdocs/TimeML_1.2.1.xsd</Value>
</Feature>
<Feature>
  <Name className="java.lang.String">xmlns:xsi</Name>
  <Value className="java.lang.String">http://www.w3.org/2001/XMLSchema-instance</Value>
</Feature>
</Annotation>
</AnnotationSet>

<!-- Named annotation set -->

<AnnotationSet Name="SYNTIME">
<Annotation Id="73" Type="TimeML" StartNode="0" EndNode="4862">
<Feature>
  <Name className="java.lang.String">xsi:noNamespaceSchemaLocation</Name>
  <Value className="java.lang.String">http://timeml.org/timeMLdocs/TimeML_1.2.1.xsd</Value>
</Feature>
<Feature>
  <Name className="java.lang.String">xmlns:xsi</Name>
  <Value className="java.lang.String">http://www.w3.org/2001/XMLSchema-instance</Value>
</Feature>
</Annotation>
<Annotation Id="74" Type="TIMEX3" StartNode="157" EndNode="168">
<Feature>
  <Name className="java.lang.String">type</Name>
  <Value className="java.lang.String">DATE</Value>
</Feature>
<Feature>
  <Name className="java.lang.String">value</Name>
  <Value className="java.lang.String">2018-03-01</Value>
</Feature>
<Feature>
  <Name className="java.lang.String">tid</Name>
  <Value className="java.lang.String">t1</Value>
</Feature>
</Annotation>
<Annotation Id="75" Type="TIMEX3" StartNode="371" EndNode="386">
<Feature>
  <Name className="java.lang.String">type</Name>
  <Value className="java.lang.String">DATE</Value>
</Feature>
<Feature>
  <Name className="java.lang.String">value</Name>
  <Value className="java.lang.String">2018-03-01</Value>
</Feature>
<Feature>
  <Name className="java.lang.String">tid</Name>
  <Value className="java.lang.String">t2</Value>
</Feature>
</Annotation>
<Annotation Id="76" Type="TIMEX3" StartNode="535" EndNode="539">
<Feature>
  <Name className="java.lang.String">type</Name>
  <Value className="java.lang.String">DATE</Value>
</Feature>
<Feature>
  <Name className="java.lang.String">value</Name>
  <Value className="java.lang.String">2018-03-01</Value>
</Feature>
<Feature>
  <Name className="java.lang.String">tid</Name>
  <Value className="java.lang.String">t3</Value>
</Feature>
</Annotation>
<Annotation Id="77" Type="TIMEX3" StartNode="1258" EndNode="1273">
<Feature>
  <Name className="java.lang.String">type</Name>
  <Value className="java.lang.String">DATE</Value>
</Feature>
<Feature>
  <Name className="java.lang.String">value</Name>
  <Value className="java.lang.String">2018-03-01</Value>
</Feature>
<Feature>
  <Name className="java.lang.String">tid</Name>
  <Value className="java.lang.String">t4</Value>
</Feature>
</Annotation>
<Annotation Id="78" Type="TIMEX3" StartNode="1365" EndNode="1373">
<Feature>
  <Name className="java.lang.String">type</Name>
  <Value className="java.lang.String">DATE</Value>
</Feature>
<Feature>
  <Name className="java.lang.String">value</Name>
  <Value className="java.lang.String">2018-03-01</Value>
</Feature>
<Feature>
  <Name className="java.lang.String">tid</Name>
  <Value className="java.lang.String">t5</Value>
</Feature>
</Annotation>
<Annotation Id="79" Type="TIMEX3" StartNode="1378" EndNode="1390">
<Feature>
  <Name className="java.lang.String">type</Name>
  <Value className="java.lang.String">DATE</Value>
</Feature>
<Feature>
  <Name className="java.lang.String">value</Name>
  <Value className="java.lang.String">2018-03-01</Value>
</Feature>
<Feature>
  <Name className="java.lang.String">tid</Name>
  <Value className="java.lang.String">t6</Value>
</Feature>
</Annotation>
<Annotation Id="80" Type="TIMEX3" StartNode="1485" EndNode="1498">
<Feature>
  <Name className="java.lang.String">type</Name>
  <Value className="java.lang.String">DATE</Value>
</Feature>
<Feature>
  <Name className="java.lang.String">value</Name>
  <Value className="java.lang.String">2018-03-01</Value>
</Feature>
<Feature>
  <Name className="java.lang.String">tid</Name>
  <Value className="java.lang.String">t7</Value>
</Feature>
</Annotation>
<Annotation Id="81" Type="TIMEX3" StartNode="1620" EndNode="1632">
<Feature>
  <Name className="java.lang.String">type</Name>
  <Value className="java.lang.String">DATE</Value>
</Feature>
<Feature>
  <Name className="java.lang.String">value</Name>
  <Value className="java.lang.String">2018-03-01</Value>
</Feature>
<Feature>
  <Name className="java.lang.String">tid</Name>
  <Value className="java.lang.String">t8</Value>
</Feature>
</Annotation>
<Annotation Id="82" Type="TIMEX3" StartNode="2147" EndNode="2158">
<Feature>
  <Name className="java.lang.String">type</Name>
  <Value className="java.lang.String">DATE</Value>
</Feature>
<Feature>
  <Name className="java.lang.String">value</Name>
  <Value className="java.lang.String">2018-03-01</Value>
</Feature>
<Feature>
  <Name className="java.lang.String">tid</Name>
  <Value className="java.lang.String">t9</Value>
</Feature>
</Annotation>
<Annotation Id="83" Type="TIMEX3" StartNode="3044" EndNode="3060">
<Feature>
  <Name className="java.lang.String">type</Name>
  <Value className="java.lang.String">DATE</Value>
</Feature>
<Feature>
  <Name className="java.lang.String">value</Name>
  <Value className="java.lang.String">2018-03-01</Value>
</Feature>
<Feature>
  <Name className="java.lang.String">tid</Name>
  <Value className="java.lang.String">t10</Value>
</Feature>
</Annotation>
<Annotation Id="84" Type="TIMEX3" StartNode="3494" EndNode="3503">
<Feature>
  <Name className="java.lang.String">type</Name>
  <Value className="java.lang.String">DATE</Value>
</Feature>
<Feature>
  <Name className="java.lang.String">value</Name>
  <Value className="java.lang.String">2018-03-01</Value>
</Feature>
<Feature>
  <Name className="java.lang.String">tid</Name>
  <Value className="java.lang.String">t11</Value>
</Feature>
</Annotation>
<Annotation Id="85" Type="TIMEX3" StartNode="3698" EndNode="3702">
<Feature>
  <Name className="java.lang.String">type</Name>
  <Value className="java.lang.String">DATE</Value>
</Feature>
<Feature>
  <Name className="java.lang.String">value</Name>
  <Value className="java.lang.String">2018-03-01</Value>
</Feature>
<Feature>
  <Name className="java.lang.String">tid</Name>
  <Value className="java.lang.String">t12</Value>
</Feature>
</Annotation>
<Annotation Id="86" Type="TIMEX3" StartNode="4790" EndNode="4802">
<Feature>
  <Name className="java.lang.String">type</Name>
  <Value className="java.lang.String">DATE</Value>
</Feature>
<Feature>
  <Name className="java.lang.String">value</Name>
  <Value className="java.lang.String">2018-03-01</Value>
</Feature>
<Feature>
  <Name className="java.lang.String">tid</Name>
  <Value className="java.lang.String">t13</Value>
</Feature>
</Annotation>
</AnnotationSet>

<!-- Named annotation set -->

<AnnotationSet Name="LegalTimeML">
<Annotation Id="131" Type="TimeML" StartNode="0" EndNode="4862">
<Feature>
  <Name className="java.lang.String">xsi:noNamespaceSchemaLocation</Name>
  <Value className="java.lang.String">http://timeml.org/timeMLdocs/TimeML_1.2.1.xsd</Value>
</Feature>
<Feature>
  <Name className="java.lang.String">xmlns:xsi</Name>
  <Value className="java.lang.String">http://www.w3.org/2001/XMLSchema-instance</Value>
</Feature>
</Annotation>
<Annotation Id="132" Type="TIMEX3" StartNode="157" EndNode="168">
<Feature>
  <Name className="java.lang.String">functionInDocument</Name>
  <Value className="java.lang.String">CREATION_TIME</Value>
</Feature>
<Feature>
  <Name className="java.lang.String">type</Name>
  <Value className="java.lang.String">DATE</Value>
</Feature>
<Feature>
  <Name className="java.lang.String">value</Name>
  <Value className="java.lang.String">2017-07-04</Value>
</Feature>
<Feature>
  <Name className="java.lang.String">tid</Name>
  <Value className="java.lang.String">t1</Value>
</Feature>
</Annotation>
<Annotation Id="133" Type="TIMEX3" StartNode="371" EndNode="386">
<Feature>
  <Name className="java.lang.String">type</Name>
  <Value className="java.lang.String">DATE</Value>
</Feature>
<Feature>
  <Name className="java.lang.String">value</Name>
  <Value className="java.lang.String">2004-01-30</Value>
</Feature>
<Feature>
  <Name className="java.lang.String">tid</Name>
  <Value className="java.lang.String">t2</Value>
</Feature>
</Annotation>
<Annotation Id="134" Type="TIMEX3" StartNode="535" EndNode="539">
<Feature>
  <Name className="java.lang.String">type</Name>
  <Value className="java.lang.String">DATE</Value>
</Feature>
<Feature>
  <Name className="java.lang.String">value</Name>
  <Value className="java.lang.String">1974</Value>
</Feature>
<Feature>
  <Name className="java.lang.String">tid</Name>
  <Value className="java.lang.String">t3</Value>
</Feature>
</Annotation>
<Annotation Id="135" Type="TIMEX3" StartNode="1258" EndNode="1273">
<Feature>
  <Name className="java.lang.String">type</Name>
  <Value className="java.lang.String">DATE</Value>
</Feature>
<Feature>
  <Name className="java.lang.String">value</Name>
  <Value className="java.lang.String">2008-12-05</Value>
</Feature>
<Feature>
  <Name className="java.lang.String">tid</Name>
  <Value className="java.lang.String">t4</Value>
</Feature>
</Annotation>
<Annotation Id="136" Type="TIMEX3" StartNode="1365" EndNode="1373">
<Feature>
  <Name className="java.lang.String">type</Name>
  <Value className="java.lang.String">DATE</Value>
</Feature>
<Feature>
  <Name className="java.lang.String">value</Name>
  <Value className="java.lang.String">2009-03-31</Value>
</Feature>
<Feature>
  <Name className="java.lang.String">tid</Name>
  <Value className="java.lang.String">t5</Value>
</Feature>
</Annotation>
<Annotation Id="137" Type="TIMEX3" StartNode="1378" EndNode="1390">
<Feature>
  <Name className="java.lang.String">type</Name>
  <Value className="java.lang.String">DATE</Value>
</Feature>
<Feature>
  <Name className="java.lang.String">value</Name>
  <Value className="java.lang.String">2009-07-13</Value>
</Feature>
<Feature>
  <Name className="java.lang.String">tid</Name>
  <Value className="java.lang.String">t6</Value>
</Feature>
</Annotation>
<Annotation Id="138" Type="TIMEX3" StartNode="1485" EndNode="1498">
<Feature>
  <Name className="java.lang.String">type</Name>
  <Value className="java.lang.String">DATE</Value>
</Feature>
<Feature>
  <Name className="java.lang.String">value</Name>
  <Value className="java.lang.String">2017-04-20</Value>
</Feature>
<Feature>
  <Name className="java.lang.String">tid</Name>
  <Value className="java.lang.String">t7</Value>
</Feature>
</Annotation>
<Annotation Id="139" Type="TIMEX3" StartNode="1620" EndNode="1632">
<Feature>
  <Name className="java.lang.String">type</Name>
  <Value className="java.lang.String">DATE</Value>
</Feature>
<Feature>
  <Name className="java.lang.String">value</Name>
  <Value className="java.lang.String">2003-06-23</Value>
</Feature>
<Feature>
  <Name className="java.lang.String">tid</Name>
  <Value className="java.lang.String">t8</Value>
</Feature>
</Annotation>
<Annotation Id="140" Type="TIMEX3" StartNode="2147" EndNode="2158">
<Feature>
  <Name className="java.lang.String">type</Name>
  <Value className="java.lang.String">DATE</Value>
</Feature>
<Feature>
  <Name className="java.lang.String">value</Name>
  <Value className="java.lang.String">2017-05-18</Value>
</Feature>
<Feature>
  <Name className="java.lang.String">tid</Name>
  <Value className="java.lang.String">t9</Value>
</Feature>
</Annotation>
<Annotation Id="141" Type="TIMEX3" StartNode="3494" EndNode="3503">
<Feature>
  <Name className="java.lang.String">type</Name>
  <Value className="java.lang.String">DATE</Value>
</Feature>
<Feature>
  <Name className="java.lang.String">value</Name>
  <Value className="java.lang.String">2009-07</Value>
</Feature>
<Feature>
  <Name className="java.lang.String">tid</Name>
  <Value className="java.lang.String">t11</Value>
</Feature>
</Annotation>
<Annotation Id="142" Type="TIMEX3" StartNode="3698" EndNode="3702">
<Feature>
  <Name className="java.lang.String">type</Name>
  <Value className="java.lang.String">DATE</Value>
</Feature>
<Feature>
  <Name className="java.lang.String">value</Name>
  <Value className="java.lang.String">2011</Value>
</Feature>
<Feature>
  <Name className="java.lang.String">tid</Name>
  <Value className="java.lang.String">t12</Value>
</Feature>
</Annotation>
<Annotation Id="143" Type="TIMEX3" StartNode="3713" EndNode="3735">
<Feature>
  <Name className="java.lang.String">type</Name>
  <Value className="java.lang.String">DATE</Value>
</Feature>
<Feature>
  <Name className="java.lang.String">value</Name>
  <Value className="java.lang.String">2017-07-04</Value>
</Feature>
<Feature>
  <Name className="java.lang.String">tid</Name>
  <Value className="java.lang.String">t14</Value>
</Feature>
</Annotation>
<Annotation Id="144" Type="TIMEX3" StartNode="4790" EndNode="4802">
<Feature>
  <Name className="java.lang.String">type</Name>
  <Value className="java.lang.String">DATE</Value>
</Feature>
<Feature>
  <Name className="java.lang.String">value</Name>
  <Value className="java.lang.String">2017-07-27</Value>
</Feature>
<Feature>
  <Name className="java.lang.String">tid</Name>
  <Value className="java.lang.String">t13</Value>
</Feature>
</Annotation>
</AnnotationSet>

<!-- Named annotation set -->

<AnnotationSet Name="StandardTimeML">
<Annotation Id="145" Type="TimeML" StartNode="0" EndNode="4862">
<Feature>
  <Name className="java.lang.String">xsi:noNamespaceSchemaLocation</Name>
  <Value className="java.lang.String">http://timeml.org/timeMLdocs/TimeML_1.2.1.xsd</Value>
</Feature>
<Feature>
  <Name className="java.lang.String">xmlns:xsi</Name>
  <Value className="java.lang.String">http://www.w3.org/2001/XMLSchema-instance</Value>
</Feature>
</Annotation>
<Annotation Id="146" Type="TIMEX3" StartNode="157" EndNode="168">
<Feature>
  <Name className="java.lang.String">functionInDocument</Name>
  <Value className="java.lang.String">CREATION_TIME</Value>
</Feature>
<Feature>
  <Name className="java.lang.String">type</Name>
  <Value className="java.lang.String">DATE</Value>
</Feature>
<Feature>
  <Name className="java.lang.String">value</Name>
  <Value className="java.lang.String">2017-07-04</Value>
</Feature>
<Feature>
  <Name className="java.lang.String">tid</Name>
  <Value className="java.lang.String">t1</Value>
</Feature>
</Annotation>
<Annotation Id="147" Type="TIMEX3" StartNode="371" EndNode="386">
<Feature>
  <Name className="java.lang.String">type</Name>
  <Value className="java.lang.String">DATE</Value>
</Feature>
<Feature>
  <Name className="java.lang.String">value</Name>
  <Value className="java.lang.String">2004-01-30</Value>
</Feature>
<Feature>
  <Name className="java.lang.String">tid</Name>
  <Value className="java.lang.String">t2</Value>
</Feature>
</Annotation>
<Annotation Id="148" Type="TIMEX3" StartNode="535" EndNode="539">
<Feature>
  <Name className="java.lang.String">type</Name>
  <Value className="java.lang.String">DATE</Value>
</Feature>
<Feature>
  <Name className="java.lang.String">value</Name>
  <Value className="java.lang.String">1974</Value>
</Feature>
<Feature>
  <Name className="java.lang.String">tid</Name>
  <Value className="java.lang.String">t3</Value>
</Feature>
</Annotation>
<Annotation Id="149" Type="TIMEX3" StartNode="1258" EndNode="1273">
<Feature>
  <Name className="java.lang.String">type</Name>
  <Value className="java.lang.String">DATE</Value>
</Feature>
<Feature>
  <Name className="java.lang.String">value</Name>
  <Value className="java.lang.String">2008-12-05</Value>
</Feature>
<Feature>
  <Name className="java.lang.String">tid</Name>
  <Value className="java.lang.String">t4</Value>
</Feature>
</Annotation>
<Annotation Id="150" Type="TIMEX3" StartNode="1365" EndNode="1373">
<Feature>
  <Name className="java.lang.String">type</Name>
  <Value className="java.lang.String">DATE</Value>
</Feature>
<Feature>
  <Name className="java.lang.String">value</Name>
  <Value className="java.lang.String">2009-03-31</Value>
</Feature>
<Feature>
  <Name className="java.lang.String">tid</Name>
  <Value className="java.lang.String">t5</Value>
</Feature>
</Annotation>
<Annotation Id="151" Type="TIMEX3" StartNode="1378" EndNode="1390">
<Feature>
  <Name className="java.lang.String">type</Name>
  <Value className="java.lang.String">DATE</Value>
</Feature>
<Feature>
  <Name className="java.lang.String">value</Name>
  <Value className="java.lang.String">2009-07-13</Value>
</Feature>
<Feature>
  <Name className="java.lang.String">tid</Name>
  <Value className="java.lang.String">t6</Value>
</Feature>
</Annotation>
<Annotation Id="152" Type="TIMEX3" StartNode="1485" EndNode="1498">
<Feature>
  <Name className="java.lang.String">type</Name>
  <Value className="java.lang.String">DATE</Value>
</Feature>
<Feature>
  <Name className="java.lang.String">value</Name>
  <Value className="java.lang.String">2017-04-20</Value>
</Feature>
<Feature>
  <Name className="java.lang.String">tid</Name>
  <Value className="java.lang.String">t7</Value>
</Feature>
</Annotation>
<Annotation Id="153" Type="TIMEX3" StartNode="1620" EndNode="1632">
<Feature>
  <Name className="java.lang.String">type</Name>
  <Value className="java.lang.String">DATE</Value>
</Feature>
<Feature>
  <Name className="java.lang.String">value</Name>
  <Value className="java.lang.String">2003-06-23</Value>
</Feature>
<Feature>
  <Name className="java.lang.String">tid</Name>
  <Value className="java.lang.String">t8</Value>
</Feature>
</Annotation>
<Annotation Id="154" Type="TIMEX3" StartNode="2147" EndNode="2158">
<Feature>
  <Name className="java.lang.String">type</Name>
  <Value className="java.lang.String">DATE</Value>
</Feature>
<Feature>
  <Name className="java.lang.String">value</Name>
  <Value className="java.lang.String">2017-05-18</Value>
</Feature>
<Feature>
  <Name className="java.lang.String">tid</Name>
  <Value className="java.lang.String">t9</Value>
</Feature>
</Annotation>
<Annotation Id="155" Type="TIMEX3" StartNode="3044" EndNode="3060">
<Feature>
  <Name className="java.lang.String">type</Name>
  <Value className="java.lang.String">DATE</Value>
</Feature>
<Feature>
  <Name className="java.lang.String">value</Name>
  <Value className="java.lang.String">2016-11-17</Value>
</Feature>
<Feature>
  <Name className="java.lang.String">tid</Name>
  <Value className="java.lang.String">t10</Value>
</Feature>
</Annotation>
<Annotation Id="156" Type="TIMEX3" StartNode="3494" EndNode="3503">
<Feature>
  <Name className="java.lang.String">type</Name>
  <Value className="java.lang.String">DATE</Value>
</Feature>
<Feature>
  <Name className="java.lang.String">value</Name>
  <Value className="java.lang.String">2009-07</Value>
</Feature>
<Feature>
  <Name className="java.lang.String">tid</Name>
  <Value className="java.lang.String">t11</Value>
</Feature>
</Annotation>
<Annotation Id="157" Type="TIMEX3" StartNode="3698" EndNode="3702">
<Feature>
  <Name className="java.lang.String">type</Name>
  <Value className="java.lang.String">DATE</Value>
</Feature>
<Feature>
  <Name className="java.lang.String">value</Name>
  <Value className="java.lang.String">2011</Value>
</Feature>
<Feature>
  <Name className="java.lang.String">tid</Name>
  <Value className="java.lang.String">t12</Value>
</Feature>
</Annotation>
<Annotation Id="158" Type="TIMEX3" StartNode="3719" EndNode="3735">
<Feature>
  <Name className="java.lang.String">type</Name>
  <Value className="java.lang.String">DATE</Value>
</Feature>
<Feature>
  <Name className="java.lang.String">value</Name>
  <Value className="java.lang.String">PRESENT_REF</Value>
</Feature>
<Feature>
  <Name className="java.lang.String">tid</Name>
  <Value className="java.lang.String">t14</Value>
</Feature>
<Feature>
  <Name className="java.lang.String">anchorTimeID</Name>
  <Value className="java.lang.String">t1</Value>
</Feature>
<Feature>
  <Name className="java.lang.String">temporalFunction</Name>
  <Value className="java.lang.String">true</Value>
</Feature>
</Annotation>
<Annotation Id="159" Type="TIMEX3" StartNode="4790" EndNode="4802">
<Feature>
  <Name className="java.lang.String">functionInDocument</Name>
  <Value className="java.lang.String">PUBLICATION_TIME</Value>
</Feature>
<Feature>
  <Name className="java.lang.String">type</Name>
  <Value className="java.lang.String">DATE</Value>
</Feature>
<Feature>
  <Name className="java.lang.String">value</Name>
  <Value className="java.lang.String">2017-07-27</Value>
</Feature>
<Feature>
  <Name className="java.lang.String">tid</Name>
  <Value className="java.lang.String">t13</Value>
</Feature>
</Annotation>
</AnnotationSet>

<!-- Named annotation set -->

<AnnotationSet Name="CAEVO">
<Annotation Id="101" Type="TimeML" StartNode="0" EndNode="4862">
<Feature>
  <Name className="java.lang.String">xsi:noNamespaceSchemaLocation</Name>
  <Value className="java.lang.String">http://timeml.org/timeMLdocs/TimeML_1.2.1.xsd</Value>
</Feature>
<Feature>
  <Name className="java.lang.String">xmlns:xsi</Name>
  <Value className="java.lang.String">http://www.w3.org/2001/XMLSchema-instance</Value>
</Feature>
</Annotation>
<Annotation Id="102" Type="TIMEX3" StartNode="157" EndNode="168">
<Feature>
  <Name className="java.lang.String">functionInDocument</Name>
  <Value className="java.lang.String">NONE</Value>
</Feature>
<Feature>
  <Name className="java.lang.String">type</Name>
  <Value className="java.lang.String">DATE</Value>
</Feature>
<Feature>
  <Name className="java.lang.String">value</Name>
  <Value className="java.lang.String">2017-07-04</Value>
</Feature>
<Feature>
  <Name className="java.lang.String">tid</Name>
  <Value className="java.lang.String">t1</Value>
</Feature>
<Feature>
  <Name className="java.lang.String">temporalFunction</Name>
  <Value className="java.lang.String">false</Value>
</Feature>
</Annotation>
<Annotation Id="103" Type="TIMEX3" StartNode="371" EndNode="386">
<Feature>
  <Name className="java.lang.String">functionInDocument</Name>
  <Value className="java.lang.String">NONE</Value>
</Feature>
<Feature>
  <Name className="java.lang.String">type</Name>
  <Value className="java.lang.String">DATE</Value>
</Feature>
<Feature>
  <Name className="java.lang.String">value</Name>
  <Value className="java.lang.String">2004-01-30</Value>
</Feature>
<Feature>
  <Name className="java.lang.String">tid</Name>
  <Value className="java.lang.String">t2</Value>
</Feature>
<Feature>
  <Name className="java.lang.String">temporalFunction</Name>
  <Value className="java.lang.String">false</Value>
</Feature>
</Annotation>
<Annotation Id="104" Type="TIMEX3" StartNode="535" EndNode="539">
<Feature>
  <Name className="java.lang.String">functionInDocument</Name>
  <Value className="java.lang.String">NONE</Value>
</Feature>
<Feature>
  <Name className="java.lang.String">type</Name>
  <Value className="java.lang.String">DATE</Value>
</Feature>
<Feature>
  <Name className="java.lang.String">value</Name>
  <Value className="java.lang.String">1974</Value>
</Feature>
<Feature>
  <Name className="java.lang.String">tid</Name>
  <Value className="java.lang.String">t3</Value>
</Feature>
<Feature>
  <Name className="java.lang.String">temporalFunction</Name>
  <Value className="java.lang.String">false</Value>
</Feature>
</Annotation>
<Annotation Id="105" Type="TIMEX3" StartNode="1258" EndNode="1273">
<Feature>
  <Name className="java.lang.String">functionInDocument</Name>
  <Value className="java.lang.String">NONE</Value>
</Feature>
<Feature>
  <Name className="java.lang.String">type</Name>
  <Value className="java.lang.String">DATE</Value>
</Feature>
<Feature>
  <Name className="java.lang.String">value</Name>
  <Value className="java.lang.String">2008-12-05</Value>
</Feature>
<Feature>
  <Name className="java.lang.String">tid</Name>
  <Value className="java.lang.String">t4</Value>
</Feature>
<Feature>
  <Name className="java.lang.String">temporalFunction</Name>
  <Value className="java.lang.String">false</Value>
</Feature>
</Annotation>
<Annotation Id="106" Type="TIMEX3" StartNode="1365" EndNode="1373">
<Feature>
  <Name className="java.lang.String">functionInDocument</Name>
  <Value className="java.lang.String">NONE</Value>
</Feature>
<Feature>
  <Name className="java.lang.String">type</Name>
  <Value className="java.lang.String">DATE</Value>
</Feature>
<Feature>
  <Name className="java.lang.String">value</Name>
  <Value className="java.lang.String">XXXX-03-31</Value>
</Feature>
<Feature>
  <Name className="java.lang.String">tid</Name>
  <Value className="java.lang.String">t5</Value>
</Feature>
<Feature>
  <Name className="java.lang.String">temporalFunction</Name>
  <Value className="java.lang.String">false</Value>
</Feature>
</Annotation>
<Annotation Id="107" Type="TIMEX3" StartNode="1378" EndNode="1390">
<Feature>
  <Name className="java.lang.String">functionInDocument</Name>
  <Value className="java.lang.String">NONE</Value>
</Feature>
<Feature>
  <Name className="java.lang.String">type</Name>
  <Value className="java.lang.String">DATE</Value>
</Feature>
<Feature>
  <Name className="java.lang.String">value</Name>
  <Value className="java.lang.String">2009-07-13</Value>
</Feature>
<Feature>
  <Name className="java.lang.String">tid</Name>
  <Value className="java.lang.String">t6</Value>
</Feature>
<Feature>
  <Name className="java.lang.String">temporalFunction</Name>
  <Value className="java.lang.String">false</Value>
</Feature>
</Annotation>
<Annotation Id="108" Type="TIMEX3" StartNode="1485" EndNode="1498">
<Feature>
  <Name className="java.lang.String">functionInDocument</Name>
  <Value className="java.lang.String">NONE</Value>
</Feature>
<Feature>
  <Name className="java.lang.String">type</Name>
  <Value className="java.lang.String">DATE</Value>
</Feature>
<Feature>
  <Name className="java.lang.String">value</Name>
  <Value className="java.lang.String">2017-04-20</Value>
</Feature>
<Feature>
  <Name className="java.lang.String">tid</Name>
  <Value className="java.lang.String">t7</Value>
</Feature>
<Feature>
  <Name className="java.lang.String">temporalFunction</Name>
  <Value className="java.lang.String">false</Value>
</Feature>
</Annotation>
<Annotation Id="109" Type="TIMEX3" StartNode="1620" EndNode="1632">
<Feature>
  <Name className="java.lang.String">functionInDocument</Name>
  <Value className="java.lang.String">NONE</Value>
</Feature>
<Feature>
  <Name className="java.lang.String">type</Name>
  <Value className="java.lang.String">DATE</Value>
</Feature>
<Feature>
  <Name className="java.lang.String">value</Name>
  <Value className="java.lang.String">2003-06-23</Value>
</Feature>
<Feature>
  <Name className="java.lang.String">tid</Name>
  <Value className="java.lang.String">t8</Value>
</Feature>
<Feature>
  <Name className="java.lang.String">temporalFunction</Name>
  <Value className="java.lang.String">false</Value>
</Feature>
</Annotation>
<Annotation Id="110" Type="TIMEX3" StartNode="2147" EndNode="2158">
<Feature>
  <Name className="java.lang.String">functionInDocument</Name>
  <Value className="java.lang.String">NONE</Value>
</Feature>
<Feature>
  <Name className="java.lang.String">type</Name>
  <Value className="java.lang.String">DATE</Value>
</Feature>
<Feature>
  <Name className="java.lang.String">value</Name>
  <Value className="java.lang.String">2017-05-18</Value>
</Feature>
<Feature>
  <Name className="java.lang.String">tid</Name>
  <Value className="java.lang.String">t9</Value>
</Feature>
<Feature>
  <Name className="java.lang.String">temporalFunction</Name>
  <Value className="java.lang.String">false</Value>
</Feature>
</Annotation>
<Annotation Id="111" Type="TIMEX3" StartNode="3044" EndNode="3060">
<Feature>
  <Name className="java.lang.String">functionInDocument</Name>
  <Value className="java.lang.String">NONE</Value>
</Feature>
<Feature>
  <Name className="java.lang.String">type</Name>
  <Value className="java.lang.String">DATE</Value>
</Feature>
<Feature>
  <Name className="java.lang.String">value</Name>
  <Value className="java.lang.String">2016-11-17</Value>
</Feature>
<Feature>
  <Name className="java.lang.String">tid</Name>
  <Value className="java.lang.String">t10</Value>
</Feature>
<Feature>
  <Name className="java.lang.String">temporalFunction</Name>
  <Value className="java.lang.String">false</Value>
</Feature>
</Annotation>
<Annotation Id="112" Type="TIMEX3" StartNode="3342" EndNode="3349">
<Feature>
  <Name className="java.lang.String">functionInDocument</Name>
  <Value className="java.lang.String">NONE</Value>
</Feature>
<Feature>
  <Name className="java.lang.String">type</Name>
  <Value className="java.lang.String">DATE</Value>
</Feature>
<Feature>
  <Name className="java.lang.String">value</Name>
  <Value className="java.lang.String">PRESENT_REF</Value>
</Feature>
<Feature>
  <Name className="java.lang.String">tid</Name>
  <Value className="java.lang.String">t11</Value>
</Feature>
<Feature>
  <Name className="java.lang.String">temporalFunction</Name>
  <Value className="java.lang.String">false</Value>
</Feature>
</Annotation>
<Annotation Id="113" Type="TIMEX3" StartNode="3494" EndNode="3503">
<Feature>
  <Name className="java.lang.String">functionInDocument</Name>
  <Value className="java.lang.String">NONE</Value>
</Feature>
<Feature>
  <Name className="java.lang.String">type</Name>
  <Value className="java.lang.String">DATE</Value>
</Feature>
<Feature>
  <Name className="java.lang.String">value</Name>
  <Value className="java.lang.String">2009-07</Value>
</Feature>
<Feature>
  <Name className="java.lang.String">tid</Name>
  <Value className="java.lang.String">t12</Value>
</Feature>
<Feature>
  <Name className="java.lang.String">temporalFunction</Name>
  <Value className="java.lang.String">false</Value>
</Feature>
</Annotation>
<Annotation Id="114" Type="TIMEX3" StartNode="3698" EndNode="3702">
<Feature>
  <Name className="java.lang.String">functionInDocument</Name>
  <Value className="java.lang.String">NONE</Value>
</Feature>
<Feature>
  <Name className="java.lang.String">type</Name>
  <Value className="java.lang.String">DATE</Value>
</Feature>
<Feature>
  <Name className="java.lang.String">value</Name>
  <Value className="java.lang.String">2011</Value>
</Feature>
<Feature>
  <Name className="java.lang.String">tid</Name>
  <Value className="java.lang.String">t13</Value>
</Feature>
<Feature>
  <Name className="java.lang.String">temporalFunction</Name>
  <Value className="java.lang.String">false</Value>
</Feature>
</Annotation>
<Annotation Id="115" Type="TIMEX3" StartNode="3723" EndNode="3730">
<Feature>
  <Name className="java.lang.String">functionInDocument</Name>
  <Value className="java.lang.String">NONE</Value>
</Feature>
<Feature>
  <Name className="java.lang.String">type</Name>
  <Value className="java.lang.String">DATE</Value>
</Feature>
<Feature>
  <Name className="java.lang.String">value</Name>
  <Value className="java.lang.String">PRESENT_REF</Value>
</Feature>
<Feature>
  <Name className="java.lang.String">tid</Name>
  <Value className="java.lang.String">t14</Value>
</Feature>
<Feature>
  <Name className="java.lang.String">temporalFunction</Name>
  <Value className="java.lang.String">false</Value>
</Feature>
</Annotation>
<Annotation Id="116" Type="TIMEX3" StartNode="4790" EndNode="4802">
<Feature>
  <Name className="java.lang.String">functionInDocument</Name>
  <Value className="java.lang.String">NONE</Value>
</Feature>
<Feature>
  <Name className="java.lang.String">type</Name>
  <Value className="java.lang.String">DATE</Value>
</Feature>
<Feature>
  <Name className="java.lang.String">value</Name>
  <Value className="java.lang.String">2017-07-27</Value>
</Feature>
<Feature>
  <Name className="java.lang.String">tid</Name>
  <Value className="java.lang.String">t15</Value>
</Feature>
<Feature>
  <Name className="java.lang.String">temporalFunction</Name>
  <Value className="java.lang.String">false</Value>
</Feature>
</Annotation>
</AnnotationSet>

<!-- Named annotation set -->

<AnnotationSet Name="UWTIME">
<Annotation Id="60" Type="TimeML" StartNode="0" EndNode="4862">
<Feature>
  <Name className="java.lang.String">xsi:noNamespaceSchemaLocation</Name>
  <Value className="java.lang.String">http://timeml.org/timeMLdocs/TimeML_1.2.1.xsd</Value>
</Feature>
<Feature>
  <Name className="java.lang.String">xmlns:xsi</Name>
  <Value className="java.lang.String">http://www.w3.org/2001/XMLSchema-instance</Value>
</Feature>
</Annotation>
</AnnotationSet>

<!-- Named annotation set -->

<AnnotationSet Name="HEIDEL">
<Annotation Id="32" Type="TIMEX3" StartNode="157" EndNode="168">
<Feature>
  <Name className="java.lang.String">type</Name>
  <Value className="java.lang.String">DATE</Value>
</Feature>
<Feature>
  <Name className="java.lang.String">value</Name>
  <Value className="java.lang.String">2017-07-04</Value>
</Feature>
<Feature>
  <Name className="java.lang.String">tid</Name>
  <Value className="java.lang.String">t3</Value>
</Feature>
</Annotation>
<Annotation Id="33" Type="TIMEX3" StartNode="371" EndNode="386">
<Feature>
  <Name className="java.lang.String">type</Name>
  <Value className="java.lang.String">DATE</Value>
</Feature>
<Feature>
  <Name className="java.lang.String">value</Name>
  <Value className="java.lang.String">2004-01-30</Value>
</Feature>
<Feature>
  <Name className="java.lang.String">tid</Name>
  <Value className="java.lang.String">t8</Value>
</Feature>
</Annotation>
<Annotation Id="34" Type="TIMEX3" StartNode="535" EndNode="539">
<Feature>
  <Name className="java.lang.String">type</Name>
  <Value className="java.lang.String">DATE</Value>
</Feature>
<Feature>
  <Name className="java.lang.String">value</Name>
  <Value className="java.lang.String">1974</Value>
</Feature>
<Feature>
  <Name className="java.lang.String">tid</Name>
  <Value className="java.lang.String">t11</Value>
</Feature>
</Annotation>
<Annotation Id="35" Type="TIMEX3" StartNode="1258" EndNode="1273">
<Feature>
  <Name className="java.lang.String">type</Name>
  <Value className="java.lang.String">DATE</Value>
</Feature>
<Feature>
  <Name className="java.lang.String">value</Name>
  <Value className="java.lang.String">2008-12-05</Value>
</Feature>
<Feature>
  <Name className="java.lang.String">tid</Name>
  <Value className="java.lang.String">t14</Value>
</Feature>
</Annotation>
<Annotation Id="36" Type="TIMEX3" StartNode="1365" EndNode="1373">
<Feature>
  <Name className="java.lang.String">type</Name>
  <Value className="java.lang.String">DATE</Value>
</Feature>
<Feature>
  <Name className="java.lang.String">value</Name>
  <Value className="java.lang.String">2008-03-31</Value>
</Feature>
<Feature>
  <Name className="java.lang.String">tid</Name>
  <Value className="java.lang.String">t21</Value>
</Feature>
</Annotation>
<Annotation Id="37" Type="TIMEX3" StartNode="1378" EndNode="1390">
<Feature>
  <Name className="java.lang.String">type</Name>
  <Value className="java.lang.String">DATE</Value>
</Feature>
<Feature>
  <Name className="java.lang.String">value</Name>
  <Value className="java.lang.String">2009-07-13</Value>
</Feature>
<Feature>
  <Name className="java.lang.String">tid</Name>
  <Value className="java.lang.String">t20</Value>
</Feature>
</Annotation>
<Annotation Id="38" Type="TIMEX3" StartNode="1485" EndNode="1498">
<Feature>
  <Name className="java.lang.String">type</Name>
  <Value className="java.lang.String">DATE</Value>
</Feature>
<Feature>
  <Name className="java.lang.String">value</Name>
  <Value className="java.lang.String">2017-04-20</Value>
</Feature>
<Feature>
  <Name className="java.lang.String">tid</Name>
  <Value className="java.lang.String">t28</Value>
</Feature>
</Annotation>
<Annotation Id="39" Type="TIMEX3" StartNode="1620" EndNode="1632">
<Feature>
  <Name className="java.lang.String">type</Name>
  <Value className="java.lang.String">DATE</Value>
</Feature>
<Feature>
  <Name className="java.lang.String">value</Name>
  <Value className="java.lang.String">2003-06-23</Value>
</Feature>
<Feature>
  <Name className="java.lang.String">tid</Name>
  <Value className="java.lang.String">t29</Value>
</Feature>
</Annotation>
<Annotation Id="40" Type="TIMEX3" StartNode="2147" EndNode="2158">
<Feature>
  <Name className="java.lang.String">type</Name>
  <Value className="java.lang.String">DATE</Value>
</Feature>
<Feature>
  <Name className="java.lang.String">value</Name>
  <Value className="java.lang.String">2017-05-18</Value>
</Feature>
<Feature>
  <Name className="java.lang.String">tid</Name>
  <Value className="java.lang.String">t38</Value>
</Feature>
</Annotation>
<Annotation Id="41" Type="TIMEX3" StartNode="3044" EndNode="3060">
<Feature>
  <Name className="java.lang.String">type</Name>
  <Value className="java.lang.String">DATE</Value>
</Feature>
<Feature>
  <Name className="java.lang.String">value</Name>
  <Value className="java.lang.String">2016-11-17</Value>
</Feature>
<Feature>
  <Name className="java.lang.String">tid</Name>
  <Value className="java.lang.String">t43</Value>
</Feature>
</Annotation>
<Annotation Id="42" Type="TIMEX3" StartNode="3494" EndNode="3503">
<Feature>
  <Name className="java.lang.String">type</Name>
  <Value className="java.lang.String">DATE</Value>
</Feature>
<Feature>
  <Name className="java.lang.String">value</Name>
  <Value className="java.lang.String">2009-07</Value>
</Feature>
<Feature>
  <Name className="java.lang.String">tid</Name>
  <Value className="java.lang.String">t48</Value>
</Feature>
</Annotation>
<Annotation Id="43" Type="TIMEX3" StartNode="3698" EndNode="3702">
<Feature>
  <Name className="java.lang.String">type</Name>
  <Value className="java.lang.String">DATE</Value>
</Feature>
<Feature>
  <Name className="java.lang.String">value</Name>
  <Value className="java.lang.String">2011</Value>
</Feature>
<Feature>
  <Name className="java.lang.String">tid</Name>
  <Value className="java.lang.String">t49</Value>
</Feature>
</Annotation>
<Annotation Id="44" Type="TIMEX3" StartNode="4790" EndNode="4802">
<Feature>
  <Name className="java.lang.String">type</Name>
  <Value className="java.lang.String">DATE</Value>
</Feature>
<Feature>
  <Name className="java.lang.String">value</Name>
  <Value className="java.lang.String">2017-07-27</Value>
</Feature>
<Feature>
  <Name className="java.lang.String">tid</Name>
  <Value className="java.lang.String">t52</Value>
</Feature>
</Annotation>
<Annotation Id="31" Type="TimeML" StartNode="0" EndNode="4862">
<Feature>
  <Name className="java.lang.String">xsi:noNamespaceSchemaLocation</Name>
  <Value className="java.lang.String">http://timeml.org/timeMLdocs/TimeML_1.2.1.xsd</Value>
</Feature>
<Feature>
  <Name className="java.lang.String">xmlns:xsi</Name>
  <Value className="java.lang.String">http://www.w3.org/2001/XMLSchema-instance</Value>
</Feature>
</Annotation>
</AnnotationSet>

<!-- Named annotation set -->

<AnnotationSet Name="TARSQI">
<Annotation Id="45" Type="TimeML" StartNode="0" EndNode="4862">
<Feature>
  <Name className="java.lang.String">xsi:noNamespaceSchemaLocation</Name>
  <Value className="java.lang.String">http://timeml.org/timeMLdocs/TimeML_1.2.1.xsd</Value>
</Feature>
<Feature>
  <Name className="java.lang.String">xmlns:xsi</Name>
  <Value className="java.lang.String">http://www.w3.org/2001/XMLSchema-instance</Value>
</Feature>
</Annotation>
<Annotation Id="46" Type="TIMEX3" StartNode="157" EndNode="168">
<Feature>
  <Name className="java.lang.String">type</Name>
  <Value className="java.lang.String">DATE</Value>
</Feature>
<Feature>
  <Name className="java.lang.String">value</Name>
  <Value className="java.lang.String">2017-07-04</Value>
</Feature>
<Feature>
  <Name className="java.lang.String">tid</Name>
  <Value className="java.lang.String">t1</Value>
</Feature>
</Annotation>
<Annotation Id="47" Type="TIMEX3" StartNode="371" EndNode="386">
<Feature>
  <Name className="java.lang.String">type</Name>
  <Value className="java.lang.String">DATE</Value>
</Feature>
<Feature>
  <Name className="java.lang.String">value</Name>
  <Value className="java.lang.String">2004-01-30</Value>
</Feature>
<Feature>
  <Name className="java.lang.String">tid</Name>
  <Value className="java.lang.String">t2</Value>
</Feature>
</Annotation>
<Annotation Id="48" Type="TIMEX3" StartNode="535" EndNode="539">
<Feature>
  <Name className="java.lang.String">type</Name>
  <Value className="java.lang.String">DATE</Value>
</Feature>
<Feature>
  <Name className="java.lang.String">value</Name>
  <Value className="java.lang.String">1974</Value>
</Feature>
<Feature>
  <Name className="java.lang.String">tid</Name>
  <Value className="java.lang.String">t3</Value>
</Feature>
</Annotation>
<Annotation Id="49" Type="TIMEX3" StartNode="1258" EndNode="1273">
<Feature>
  <Name className="java.lang.String">type</Name>
  <Value className="java.lang.String">DATE</Value>
</Feature>
<Feature>
  <Name className="java.lang.String">value</Name>
  <Value className="java.lang.String">2008-12-05</Value>
</Feature>
<Feature>
  <Name className="java.lang.String">tid</Name>
  <Value className="java.lang.String">t4</Value>
</Feature>
</Annotation>
<Annotation Id="50" Type="TIMEX3" StartNode="1365" EndNode="1373">
<Feature>
  <Name className="java.lang.String">type</Name>
  <Value className="java.lang.String">DATE</Value>
</Feature>
<Feature>
  <Name className="java.lang.String">value</Name>
  <Value className="java.lang.String">2017-03-31</Value>
</Feature>
<Feature>
  <Name className="java.lang.String">tid</Name>
  <Value className="java.lang.String">t5</Value>
</Feature>
</Annotation>
<Annotation Id="51" Type="TIMEX3" StartNode="1378" EndNode="1390">
<Feature>
  <Name className="java.lang.String">type</Name>
  <Value className="java.lang.String">DATE</Value>
</Feature>
<Feature>
  <Name className="java.lang.String">value</Name>
  <Value className="java.lang.String">2009-07-13</Value>
</Feature>
<Feature>
  <Name className="java.lang.String">tid</Name>
  <Value className="java.lang.String">t6</Value>
</Feature>
</Annotation>
<Annotation Id="52" Type="TIMEX3" StartNode="1485" EndNode="1498">
<Feature>
  <Name className="java.lang.String">type</Name>
  <Value className="java.lang.String">DATE</Value>
</Feature>
<Feature>
  <Name className="java.lang.String">value</Name>
  <Value className="java.lang.String">2017-04-20</Value>
</Feature>
<Feature>
  <Name className="java.lang.String">tid</Name>
  <Value className="java.lang.String">t7</Value>
</Feature>
</Annotation>
<Annotation Id="53" Type="TIMEX3" StartNode="1620" EndNode="1632">
<Feature>
  <Name className="java.lang.String">type</Name>
  <Value className="java.lang.String">DATE</Value>
</Feature>
<Feature>
  <Name className="java.lang.String">value</Name>
  <Value className="java.lang.String">2003-06-23</Value>
</Feature>
<Feature>
  <Name className="java.lang.String">tid</Name>
  <Value className="java.lang.String">t8</Value>
</Feature>
</Annotation>
<Annotation Id="54" Type="TIMEX3" StartNode="2147" EndNode="2158">
<Feature>
  <Name className="java.lang.String">type</Name>
  <Value className="java.lang.String">DATE</Value>
</Feature>
<Feature>
  <Name className="java.lang.String">value</Name>
  <Value className="java.lang.String">2017-05-18</Value>
</Feature>
<Feature>
  <Name className="java.lang.String">tid</Name>
  <Value className="java.lang.String">t9</Value>
</Feature>
</Annotation>
<Annotation Id="55" Type="TIMEX3" StartNode="3044" EndNode="3060">
<Feature>
  <Name className="java.lang.String">type</Name>
  <Value className="java.lang.String">DATE</Value>
</Feature>
<Feature>
  <Name className="java.lang.String">value</Name>
  <Value className="java.lang.String">2016-11-17</Value>
</Feature>
<Feature>
  <Name className="java.lang.String">tid</Name>
  <Value className="java.lang.String">t10</Value>
</Feature>
</Annotation>
<Annotation Id="56" Type="TIMEX3" StartNode="3494" EndNode="3503">
<Feature>
  <Name className="java.lang.String">type</Name>
  <Value className="java.lang.String">DATE</Value>
</Feature>
<Feature>
  <Name className="java.lang.String">value</Name>
  <Value className="java.lang.String">2009-07</Value>
</Feature>
<Feature>
  <Name className="java.lang.String">tid</Name>
  <Value className="java.lang.String">t11</Value>
</Feature>
</Annotation>
<Annotation Id="57" Type="TIMEX3" StartNode="3698" EndNode="3702">
<Feature>
  <Name className="java.lang.String">type</Name>
  <Value className="java.lang.String">DATE</Value>
</Feature>
<Feature>
  <Name className="java.lang.String">value</Name>
  <Value className="java.lang.String">2011</Value>
</Feature>
<Feature>
  <Name className="java.lang.String">tid</Name>
  <Value className="java.lang.String">t12</Value>
</Feature>
</Annotation>
<Annotation Id="58" Type="TIMEX3" StartNode="4790" EndNode="4802">
<Feature>
  <Name className="java.lang.String">type</Name>
  <Value className="java.lang.String">DATE</Value>
</Feature>
<Feature>
  <Name className="java.lang.String">value</Name>
  <Value className="java.lang.String">2017-07-27</Value>
</Feature>
<Feature>
  <Name className="java.lang.String">tid</Name>
  <Value className="java.lang.String">t13</Value>
</Feature>
</Annotation>
</AnnotationSet>

<!-- Named annotation set -->

<AnnotationSet Name="SUTIME">
<Annotation Id="15" Type="TimeML" StartNode="0" EndNode="4862">
<Feature>
  <Name className="java.lang.String">xsi:noNamespaceSchemaLocation</Name>
  <Value className="java.lang.String">http://timeml.org/timeMLdocs/TimeML_1.2.1.xsd</Value>
</Feature>
<Feature>
  <Name className="java.lang.String">xmlns:xsi</Name>
  <Value className="java.lang.String">http://www.w3.org/2001/XMLSchema-instance</Value>
</Feature>
</Annotation>
<Annotation Id="16" Type="TIMEX3" StartNode="157" EndNode="168">
<Feature>
  <Name className="java.lang.String">type</Name>
  <Value className="java.lang.String">DATE</Value>
</Feature>
<Feature>
  <Name className="java.lang.String">value</Name>
  <Value className="java.lang.String">2017-07-04</Value>
</Feature>
<Feature>
  <Name className="java.lang.String">tid</Name>
  <Value className="java.lang.String">t1</Value>
</Feature>
</Annotation>
<Annotation Id="17" Type="TIMEX3" StartNode="371" EndNode="386">
<Feature>
  <Name className="java.lang.String">type</Name>
  <Value className="java.lang.String">DATE</Value>
</Feature>
<Feature>
  <Name className="java.lang.String">value</Name>
  <Value className="java.lang.String">2004-01-30</Value>
</Feature>
<Feature>
  <Name className="java.lang.String">tid</Name>
  <Value className="java.lang.String">t2</Value>
</Feature>
</Annotation>
<Annotation Id="18" Type="TIMEX3" StartNode="535" EndNode="539">
<Feature>
  <Name className="java.lang.String">type</Name>
  <Value className="java.lang.String">DATE</Value>
</Feature>
<Feature>
  <Name className="java.lang.String">value</Name>
  <Value className="java.lang.String">1974</Value>
</Feature>
<Feature>
  <Name className="java.lang.String">tid</Name>
  <Value className="java.lang.String">t3</Value>
</Feature>
</Annotation>
<Annotation Id="19" Type="TIMEX3" StartNode="1258" EndNode="1273">
<Feature>
  <Name className="java.lang.String">type</Name>
  <Value className="java.lang.String">DATE</Value>
</Feature>
<Feature>
  <Name className="java.lang.String">value</Name>
  <Value className="java.lang.String">2008-12-05</Value>
</Feature>
<Feature>
  <Name className="java.lang.String">tid</Name>
  <Value className="java.lang.String">t4</Value>
</Feature>
</Annotation>
<Annotation Id="20" Type="TIMEX3" StartNode="1365" EndNode="1373">
<Feature>
  <Name className="java.lang.String">type</Name>
  <Value className="java.lang.String">DATE</Value>
</Feature>
<Feature>
  <Name className="java.lang.String">value</Name>
  <Value className="java.lang.String">2018-03-31</Value>
</Feature>
<Feature>
  <Name className="java.lang.String">tid</Name>
  <Value className="java.lang.String">t5</Value>
</Feature>
</Annotation>
<Annotation Id="21" Type="TIMEX3" StartNode="1378" EndNode="1390">
<Feature>
  <Name className="java.lang.String">type</Name>
  <Value className="java.lang.String">DATE</Value>
</Feature>
<Feature>
  <Name className="java.lang.String">value</Name>
  <Value className="java.lang.String">2009-07-13</Value>
</Feature>
<Feature>
  <Name className="java.lang.String">tid</Name>
  <Value className="java.lang.String">t6</Value>
</Feature>
</Annotation>
<Annotation Id="22" Type="TIMEX3" StartNode="1485" EndNode="1498">
<Feature>
  <Name className="java.lang.String">type</Name>
  <Value className="java.lang.String">DATE</Value>
</Feature>
<Feature>
  <Name className="java.lang.String">value</Name>
  <Value className="java.lang.String">2017-04-20</Value>
</Feature>
<Feature>
  <Name className="java.lang.String">tid</Name>
  <Value className="java.lang.String">t7</Value>
</Feature>
</Annotation>
<Annotation Id="23" Type="TIMEX3" StartNode="1620" EndNode="1632">
<Feature>
  <Name className="java.lang.String">type</Name>
  <Value className="java.lang.String">DATE</Value>
</Feature>
<Feature>
  <Name className="java.lang.String">value</Name>
  <Value className="java.lang.String">2003-06-23</Value>
</Feature>
<Feature>
  <Name className="java.lang.String">tid</Name>
  <Value className="java.lang.String">t8</Value>
</Feature>
</Annotation>
<Annotation Id="24" Type="TIMEX3" StartNode="2147" EndNode="2158">
<Feature>
  <Name className="java.lang.String">type</Name>
  <Value className="java.lang.String">DATE</Value>
</Feature>
<Feature>
  <Name className="java.lang.String">value</Name>
  <Value className="java.lang.String">2017-05-18</Value>
</Feature>
<Feature>
  <Name className="java.lang.String">tid</Name>
  <Value className="java.lang.String">t9</Value>
</Feature>
</Annotation>
<Annotation Id="25" Type="TIMEX3" StartNode="3044" EndNode="3060">
<Feature>
  <Name className="java.lang.String">type</Name>
  <Value className="java.lang.String">DATE</Value>
</Feature>
<Feature>
  <Name className="java.lang.String">value</Name>
  <Value className="java.lang.String">2016-11-17</Value>
</Feature>
<Feature>
  <Name className="java.lang.String">tid</Name>
  <Value className="java.lang.String">t10</Value>
</Feature>
</Annotation>
<Annotation Id="26" Type="TIMEX3" StartNode="3342" EndNode="3349">
<Feature>
  <Name className="java.lang.String">type</Name>
  <Value className="java.lang.String">DATE</Value>
</Feature>
<Feature>
  <Name className="java.lang.String">value</Name>
  <Value className="java.lang.String">PRESENT_REF</Value>
</Feature>
<Feature>
  <Name className="java.lang.String">tid</Name>
  <Value className="java.lang.String">t11</Value>
</Feature>
</Annotation>
<Annotation Id="27" Type="TIMEX3" StartNode="3494" EndNode="3503">
<Feature>
  <Name className="java.lang.String">type</Name>
  <Value className="java.lang.String">DATE</Value>
</Feature>
<Feature>
  <Name className="java.lang.String">value</Name>
  <Value className="java.lang.String">2009-07</Value>
</Feature>
<Feature>
  <Name className="java.lang.String">tid</Name>
  <Value className="java.lang.String">t12</Value>
</Feature>
</Annotation>
<Annotation Id="28" Type="TIMEX3" StartNode="3698" EndNode="3702">
<Feature>
  <Name className="java.lang.String">type</Name>
  <Value className="java.lang.String">DATE</Value>
</Feature>
<Feature>
  <Name className="java.lang.String">value</Name>
  <Value className="java.lang.String">2011</Value>
</Feature>
<Feature>
  <Name className="java.lang.String">tid</Name>
  <Value className="java.lang.String">t13</Value>
</Feature>
</Annotation>
<Annotation Id="29" Type="TIMEX3" StartNode="3723" EndNode="3730">
<Feature>
  <Name className="java.lang.String">type</Name>
  <Value className="java.lang.String">DATE</Value>
</Feature>
<Feature>
  <Name className="java.lang.String">value</Name>
  <Value className="java.lang.String">PRESENT_REF</Value>
</Feature>
<Feature>
  <Name className="java.lang.String">tid</Name>
  <Value className="java.lang.String">t14</Value>
</Feature>
</Annotation>
<Annotation Id="30" Type="TIMEX3" StartNode="4790" EndNode="4802">
<Feature>
  <Name className="java.lang.String">type</Name>
  <Value className="java.lang.String">DATE</Value>
</Feature>
<Feature>
  <Name className="java.lang.String">value</Name>
  <Value className="java.lang.String">2017-07-27</Value>
</Feature>
<Feature>
  <Name className="java.lang.String">tid</Name>
  <Value className="java.lang.String">t15</Value>
</Feature>
</Annotation>
</AnnotationSet>

<!-- Named annotation set -->

<AnnotationSet Name="CLEARTK">
<Annotation Id="64" Type="TIMEX3" StartNode="2150" EndNode="2158">
<Feature>
  <Name className="java.lang.String">type</Name>
  <Value className="java.lang.String">DATE</Value>
</Feature>
<Feature>
  <Name className="java.lang.String">tid</Name>
  <Value className="java.lang.String">t8</Value>
</Feature>
</Annotation>
<Annotation Id="65" Type="TIMEX3" StartNode="3047" EndNode="3060">
<Feature>
  <Name className="java.lang.String">type</Name>
  <Value className="java.lang.String">DATE</Value>
</Feature>
<Feature>
  <Name className="java.lang.String">tid</Name>
  <Value className="java.lang.String">t9</Value>
</Feature>
</Annotation>
<Annotation Id="66" Type="TIMEX3" StartNode="3494" EndNode="3503">
<Feature>
  <Name className="java.lang.String">type</Name>
  <Value className="java.lang.String">DATE</Value>
</Feature>
<Feature>
  <Name className="java.lang.String">tid</Name>
  <Value className="java.lang.String">t10</Value>
</Feature>
</Annotation>
<Annotation Id="67" Type="TIMEX3" StartNode="3698" EndNode="3702">
<Feature>
  <Name className="java.lang.String">type</Name>
  <Value className="java.lang.String">DATE</Value>
</Feature>
<Feature>
  <Name className="java.lang.String">tid</Name>
  <Value className="java.lang.String">t11</Value>
</Feature>
</Annotation>
<Annotation Id="68" Type="TIMEX3" StartNode="4793" EndNode="4802">
<Feature>
  <Name className="java.lang.String">type</Name>
  <Value className="java.lang.String">DATE</Value>
</Feature>
<Feature>
  <Name className="java.lang.String">tid</Name>
  <Value className="java.lang.String">t12</Value>
</Feature>
</Annotation>
<Annotation Id="69" Type="TimeML" StartNode="0" EndNode="4862">
<Feature>
  <Name className="java.lang.String">xsi:noNamespaceSchemaLocation</Name>
  <Value className="java.lang.String">http://timeml.org/timeMLdocs/TimeML_1.2.1.xsd</Value>
</Feature>
<Feature>
  <Name className="java.lang.String">xmlns:xsi</Name>
  <Value className="java.lang.String">http://www.w3.org/2001/XMLSchema-instance</Value>
</Feature>
</Annotation>
<Annotation Id="70" Type="TIMEX3" StartNode="159" EndNode="168">
<Feature>
  <Name className="java.lang.String">type</Name>
  <Value className="java.lang.String">DATE</Value>
</Feature>
<Feature>
  <Name className="java.lang.String">tid</Name>
  <Value className="java.lang.String">t1</Value>
</Feature>
</Annotation>
<Annotation Id="71" Type="TIMEX3" StartNode="374" EndNode="386">
<Feature>
  <Name className="java.lang.String">type</Name>
  <Value className="java.lang.String">DATE</Value>
</Feature>
<Feature>
  <Name className="java.lang.String">tid</Name>
  <Value className="java.lang.String">t2</Value>
</Feature>
</Annotation>
<Annotation Id="72" Type="TIMEX3" StartNode="535" EndNode="539">
<Feature>
  <Name className="java.lang.String">type</Name>
  <Value className="java.lang.String">DATE</Value>
</Feature>
<Feature>
  <Name className="java.lang.String">tid</Name>
  <Value className="java.lang.String">t3</Value>
</Feature>
</Annotation>
<Annotation Id="61" Type="TIMEX3" StartNode="1258" EndNode="1273">
<Feature>
  <Name className="java.lang.String">type</Name>
  <Value className="java.lang.String">DATE</Value>
</Feature>
<Feature>
  <Name className="java.lang.String">tid</Name>
  <Value className="java.lang.String">t4</Value>
</Feature>
</Annotation>
<Annotation Id="62" Type="TIMEX3" StartNode="1485" EndNode="1498">
<Feature>
  <Name className="java.lang.String">type</Name>
  <Value className="java.lang.String">DATE</Value>
</Feature>
<Feature>
  <Name className="java.lang.String">tid</Name>
  <Value className="java.lang.String">t6</Value>
</Feature>
</Annotation>
<Annotation Id="63" Type="TIMEX3" StartNode="1623" EndNode="1632">
<Feature>
  <Name className="java.lang.String">type</Name>
  <Value className="java.lang.String">DATE</Value>
</Feature>
<Feature>
  <Name className="java.lang.String">tid</Name>
  <Value className="java.lang.String">t7</Value>
</Feature>
</Annotation>
</AnnotationSet>

<!-- Named annotation set -->

<AnnotationSet Name="TERNIP">
<Annotation Id="128" Type="TIMEX3" StartNode="371" EndNode="386">
<Feature>
  <Name className="java.lang.String">type</Name>
  <Value className="java.lang.String">DATE</Value>
</Feature>
<Feature>
  <Name className="java.lang.String">value</Name>
  <Value className="java.lang.String">2004-01-30</Value>
</Feature>
<Feature>
  <Name className="java.lang.String">tid</Name>
  <Value className="java.lang.String">t9</Value>
</Feature>
</Annotation>
<Annotation Id="129" Type="TIMEX3" StartNode="535" EndNode="539">
<Feature>
  <Name className="java.lang.String">type</Name>
  <Value className="java.lang.String">DATE</Value>
</Feature>
<Feature>
  <Name className="java.lang.String">value</Name>
  <Value className="java.lang.String">1974</Value>
</Feature>
<Feature>
  <Name className="java.lang.String">tid</Name>
  <Value className="java.lang.String">t1</Value>
</Feature>
</Annotation>
<Annotation Id="130" Type="TIMEX3" StartNode="1258" EndNode="1273">
<Feature>
  <Name className="java.lang.String">type</Name>
  <Value className="java.lang.String">DATE</Value>
</Feature>
<Feature>
  <Name className="java.lang.String">value</Name>
  <Value className="java.lang.String">2008-12-05</Value>
</Feature>
<Feature>
  <Name className="java.lang.String">tid</Name>
  <Value className="java.lang.String">t7</Value>
</Feature>
</Annotation>
<Annotation Id="117" Type="TIMEX3" StartNode="1365" EndNode="1373">
<Feature>
  <Name className="java.lang.String">type</Name>
  <Value className="java.lang.String">DATE</Value>
</Feature>
<Feature>
  <Name className="java.lang.String">tid</Name>
  <Value className="java.lang.String">t4</Value>
</Feature>
</Annotation>
<Annotation Id="118" Type="TIMEX3" StartNode="1378" EndNode="1390">
<Feature>
  <Name className="java.lang.String">type</Name>
  <Value className="java.lang.String">DATE</Value>
</Feature>
<Feature>
  <Name className="java.lang.String">value</Name>
  <Value className="java.lang.String">2009-07-13</Value>
</Feature>
<Feature>
  <Name className="java.lang.String">tid</Name>
  <Value className="java.lang.String">t8</Value>
</Feature>
</Annotation>
<Annotation Id="119" Type="TIMEX3" StartNode="1485" EndNode="1498">
<Feature>
  <Name className="java.lang.String">type</Name>
  <Value className="java.lang.String">DATE</Value>
</Feature>
<Feature>
  <Name className="java.lang.String">value</Name>
  <Value className="java.lang.String">2017-04-20</Value>
</Feature>
<Feature>
  <Name className="java.lang.String">tid</Name>
  <Value className="java.lang.String">t13</Value>
</Feature>
</Annotation>
<Annotation Id="120" Type="TIMEX3" StartNode="1620" EndNode="1632">
<Feature>
  <Name className="java.lang.String">type</Name>
  <Value className="java.lang.String">DATE</Value>
</Feature>
<Feature>
  <Name className="java.lang.String">value</Name>
  <Value className="java.lang.String">2003-06-23</Value>
</Feature>
<Feature>
  <Name className="java.lang.String">tid</Name>
  <Value className="java.lang.String">t3</Value>
</Feature>
</Annotation>
<Annotation Id="121" Type="TIMEX3" StartNode="2147" EndNode="2158">
<Feature>
  <Name className="java.lang.String">type</Name>
  <Value className="java.lang.String">DATE</Value>
</Feature>
<Feature>
  <Name className="java.lang.String">value</Name>
  <Value className="java.lang.String">2017-05-18</Value>
</Feature>
<Feature>
  <Name className="java.lang.String">tid</Name>
  <Value className="java.lang.String">t6</Value>
</Feature>
</Annotation>
<Annotation Id="122" Type="TIMEX3" StartNode="3044" EndNode="3060">
<Feature>
  <Name className="java.lang.String">type</Name>
  <Value className="java.lang.String">DATE</Value>
</Feature>
<Feature>
  <Name className="java.lang.String">value</Name>
  <Value className="java.lang.String">2016-11-17</Value>
</Feature>
<Feature>
  <Name className="java.lang.String">tid</Name>
  <Value className="java.lang.String">t2</Value>
</Feature>
</Annotation>
<Annotation Id="123" Type="TIMEX3" StartNode="3494" EndNode="3503">
<Feature>
  <Name className="java.lang.String">type</Name>
  <Value className="java.lang.String">DATE</Value>
</Feature>
<Feature>
  <Name className="java.lang.String">value</Name>
  <Value className="java.lang.String">2009-07</Value>
</Feature>
<Feature>
  <Name className="java.lang.String">tid</Name>
  <Value className="java.lang.String">t10</Value>
</Feature>
</Annotation>
<Annotation Id="124" Type="TIMEX3" StartNode="3698" EndNode="3702">
<Feature>
  <Name className="java.lang.String">type</Name>
  <Value className="java.lang.String">DATE</Value>
</Feature>
<Feature>
  <Name className="java.lang.String">value</Name>
  <Value className="java.lang.String">2011</Value>
</Feature>
<Feature>
  <Name className="java.lang.String">tid</Name>
  <Value className="java.lang.String">t11</Value>
</Feature>
</Annotation>
<Annotation Id="125" Type="TIMEX3" StartNode="4790" EndNode="4802">
<Feature>
  <Name className="java.lang.String">type</Name>
  <Value className="java.lang.String">DATE</Value>
</Feature>
<Feature>
  <Name className="java.lang.String">value</Name>
  <Value className="java.lang.String">2017-07-27</Value>
</Feature>
<Feature>
  <Name className="java.lang.String">tid</Name>
  <Value className="java.lang.String">t12</Value>
</Feature>
</Annotation>
<Annotation Id="126" Type="TimeML" StartNode="0" EndNode="4862">
<Feature>
  <Name className="java.lang.String">xsi:noNamespaceSchemaLocation</Name>
  <Value className="java.lang.String">http://timeml.org/timeMLdocs/TimeML_1.2.1.xsd</Value>
</Feature>
<Feature>
  <Name className="java.lang.String">xmlns:xsi</Name>
  <Value className="java.lang.String">http://www.w3.org/2001/XMLSchema-instance</Value>
</Feature>
</Annotation>
<Annotation Id="127" Type="TIMEX3" StartNode="157" EndNode="168">
<Feature>
  <Name className="java.lang.String">type</Name>
  <Value className="java.lang.String">DATE</Value>
</Feature>
<Feature>
  <Name className="java.lang.String">value</Name>
  <Value className="java.lang.String">2017-07-04</Value>
</Feature>
<Feature>
  <Name className="java.lang.String">tid</Name>
  <Value className="java.lang.String">t5</Value>
</Feature>
</Annotation>
</AnnotationSet>

</GateDocument>
